event_date,live_start,showtime,event_uid,position,song,is_se,is_interlude,is_encore,note,venue,post_event_name,calendar_summary,source_file
2025-09-13,12:30,12:00,1cd5nd8bicv5rt12h9no8andke@google.com,1,"Dear,History",no,no,no,,Veats SHIBUYA,airattic presents 「ATTIC PARADE」,【プレデビューイベント】airattic presents 「ATTIC PARADE」,2025-09-13_manual.txt
2025-09-13,12:30,12:00,1cd5nd8bicv5rt12h9no8andke@google.com,2,ルミナス,no,no,no,,Veats SHIBUYA,airattic presents 「ATTIC PARADE」,【プレデビューイベント】airattic presents 「ATTIC PARADE」,2025-09-13_manual.txt
2025-09-20,12:15,12:15,44jp1sjrk0rpp74k6s09o7d4n9@google.com,1,SE,yes,no,no,,Spotify O-Crest,Drawry.デビューライブ「first impression」,【イベント】Drawry.デビューライブ「first impression」@渋谷Spotify O-Crest,2026-08-17.txt
2025-09-20,12:15,12:15,44jp1sjrk0rpp74k6s09o7d4n9@google.com,2,"Dear,History",no,no,no,,Spotify O-Crest,Drawry.デビューライブ「first impression」,【イベント】Drawry.デビューライブ「first impression」@渋谷Spotify O-Crest,2026-08-17.txt
2025-09-20,12:15,12:15,44jp1sjrk0rpp74k6s09o7d4n9@google.com,3,Blooming,no,no,no,,Spotify O-Crest,Drawry.デビューライブ「first impression」,【イベント】Drawry.デビューライブ「first impression」@渋谷Spotify O-Crest,2026-08-17.txt
2025-09-20,12:15,12:15,44jp1sjrk0rpp74k6s09o7d4n9@google.com,4,Moving Lights!,no,no,no,,Spotify O-Crest,Drawry.デビューライブ「first impression」,【イベント】Drawry.デビューライブ「first impression」@渋谷Spotify O-Crest,2026-08-17.txt
2025-09-20,12:15,12:15,44jp1sjrk0rpp74k6s09o7d4n9@google.com,5,ルミナス,no,no,no,,Spotify O-Crest,Drawry.デビューライブ「first impression」,【イベント】Drawry.デビューライブ「first impression」@渋谷Spotify O-Crest,2026-08-17.txt
2025-09-20,12:15,12:15,44jp1sjrk0rpp74k6s09o7d4n9@google.com,6,朝焼けと車窓,no,no,no,,Spotify O-Crest,Drawry.デビューライブ「first impression」,【イベント】Drawry.デビューライブ「first impression」@渋谷Spotify O-Crest,2026-08-17.txt
2025-09-20,12:15,12:15,44jp1sjrk0rpp74k6s09o7d4n9@google.com,7,プライマリ,no,no,no,,Spotify O-Crest,Drawry.デビューライブ「first impression」,【イベント】Drawry.デビューライブ「first impression」@渋谷Spotify O-Crest,2026-08-17.txt
2025-09-20,12:15,12:15,44jp1sjrk0rpp74k6s09o7d4n9@google.com,8,"Dear,History",no,no,yes,,Spotify O-Crest,Drawry.デビューライブ「first impression」,【イベント】Drawry.デビューライブ「first impression」@渋谷Spotify O-Crest,2026-08-17.txt
2025-09-21,11:45,10:30,6p7tm36bkf877r894mbdlfsf49@google.com,1,SE,yes,no,no,,恵比寿CreAto,「ソノウチ」,【イベント】「ソノウチ」,2026-08-17.txt
2025-09-21,11:45,10:30,6p7tm36bkf877r894mbdlfsf49@google.com,2,"Dear,History",no,no,no,,恵比寿CreAto,「ソノウチ」,【イベント】「ソノウチ」,2026-08-17.txt
2025-09-21,11:45,10:30,6p7tm36bkf877r894mbdlfsf49@google.com,3,朝焼けと車窓,no,no,no,,恵比寿CreAto,「ソノウチ」,【イベント】「ソノウチ」,2026-08-17.txt
2025-09-21,11:45,10:30,6p7tm36bkf877r894mbdlfsf49@google.com,4,ルミナス,no,no,no,,恵比寿CreAto,「ソノウチ」,【イベント】「ソノウチ」,2026-08-17.txt
2025-09-21,11:45,10:30,6p7tm36bkf877r894mbdlfsf49@google.com,5,Moving Lights!,no,no,no,,恵比寿CreAto,「ソノウチ」,【イベント】「ソノウチ」,2026-08-17.txt
2025-09-21,11:45,10:30,6p7tm36bkf877r894mbdlfsf49@google.com,6,プライマリ,no,no,no,,恵比寿CreAto,「ソノウチ」,【イベント】「ソノウチ」,2026-08-17.txt
2025-09-23,12:50,12:00,79fu26uj83psaoi0uphnqhakql@google.com,1,SE,yes,no,no,,新宿LOFT,会心ノ一撃 pre.「DE•DE•DE•DE•DAY LIVE !!」supported by NEW AGE,【イベント】会心ノ一撃 pre.「DE•DE•DE•DE•DAY LIVE !!」 supported by NEW AGE,2026-08-17.txt
2025-09-23,12:50,12:00,79fu26uj83psaoi0uphnqhakql@google.com,2,"Dear,History",no,no,no,,新宿LOFT,会心ノ一撃 pre.「DE•DE•DE•DE•DAY LIVE !!」supported by NEW AGE,【イベント】会心ノ一撃 pre.「DE•DE•DE•DE•DAY LIVE !!」 supported by NEW AGE,2026-08-17.txt
2025-09-23,12:50,12:00,79fu26uj83psaoi0uphnqhakql@google.com,3,朝焼けと車窓,no,no,no,,新宿LOFT,会心ノ一撃 pre.「DE•DE•DE•DE•DAY LIVE !!」supported by NEW AGE,【イベント】会心ノ一撃 pre.「DE•DE•DE•DE•DAY LIVE !!」 supported by NEW AGE,2026-08-17.txt
2025-09-23,12:50,12:00,79fu26uj83psaoi0uphnqhakql@google.com,4,Moving Lights!,no,no,no,,新宿LOFT,会心ノ一撃 pre.「DE•DE•DE•DE•DAY LIVE !!」supported by NEW AGE,【イベント】会心ノ一撃 pre.「DE•DE•DE•DE•DAY LIVE !!」 supported by NEW AGE,2026-08-17.txt
2025-09-23,12:50,12:00,79fu26uj83psaoi0uphnqhakql@google.com,5,ルミナス,no,no,no,,新宿LOFT,会心ノ一撃 pre.「DE•DE•DE•DE•DAY LIVE !!」supported by NEW AGE,【イベント】会心ノ一撃 pre.「DE•DE•DE•DE•DAY LIVE !!」 supported by NEW AGE,2026-08-17.txt
2025-09-23,12:50,12:00,79fu26uj83psaoi0uphnqhakql@google.com,6,プライマリ,no,no,no,,新宿LOFT,会心ノ一撃 pre.「DE•DE•DE•DE•DAY LIVE !!」supported by NEW AGE,【イベント】会心ノ一撃 pre.「DE•DE•DE•DE•DAY LIVE !!」 supported by NEW AGE,2026-08-17.txt
2025-09-23,16:30,15:30,19rdbf410ch4jvefjqe0err42o@google.com,1,SE,yes,no,no,,SHIBUYA RING,「LEADING SUNNY」,【イベント】「LEADING SUNNY」,2026-08-17.txt
2025-09-23,16:30,15:30,19rdbf410ch4jvefjqe0err42o@google.com,2,Moving Lights!,no,no,no,,SHIBUYA RING,「LEADING SUNNY」,【イベント】「LEADING SUNNY」,2026-08-17.txt
2025-09-23,16:30,15:30,19rdbf410ch4jvefjqe0err42o@google.com,3,Blooming,no,no,no,,SHIBUYA RING,「LEADING SUNNY」,【イベント】「LEADING SUNNY」,2026-08-17.txt
2025-09-23,16:30,15:30,19rdbf410ch4jvefjqe0err42o@google.com,4,ルミナス,no,no,no,,SHIBUYA RING,「LEADING SUNNY」,【イベント】「LEADING SUNNY」,2026-08-17.txt
2025-09-23,16:30,15:30,19rdbf410ch4jvefjqe0err42o@google.com,5,朝焼けと車窓,no,no,no,,SHIBUYA RING,「LEADING SUNNY」,【イベント】「LEADING SUNNY」,2026-08-17.txt
2025-09-23,16:30,15:30,19rdbf410ch4jvefjqe0err42o@google.com,6,"Dear,History",no,no,no,,SHIBUYA RING,「LEADING SUNNY」,【イベント】「LEADING SUNNY」,2026-08-17.txt
2025-09-23,16:30,15:30,19rdbf410ch4jvefjqe0err42o@google.com,7,プライマリ,no,no,no,,SHIBUYA RING,「LEADING SUNNY」,【イベント】「LEADING SUNNY」,2026-08-17.txt
2025-09-27,12:00,12:00,78iudvis1fsp8dc5ugsf1cjbmp@google.com,1,SE,yes,no,no,,SHIBUYA CYCLONE,「ベルハー・イン・ザ・ダーク vol.4」,【イベント】「ベルハー・イン・ザ・ダーク vol.4」,2026-08-17.txt
2025-09-27,12:00,12:00,78iudvis1fsp8dc5ugsf1cjbmp@google.com,2,"Dear,History",no,no,no,,SHIBUYA CYCLONE,「ベルハー・イン・ザ・ダーク vol.4」,【イベント】「ベルハー・イン・ザ・ダーク vol.4」,2026-08-17.txt
2025-09-27,12:00,12:00,78iudvis1fsp8dc5ugsf1cjbmp@google.com,3,Blooming,no,no,no,,SHIBUYA CYCLONE,「ベルハー・イン・ザ・ダーク vol.4」,【イベント】「ベルハー・イン・ザ・ダーク vol.4」,2026-08-17.txt
2025-09-27,12:00,12:00,78iudvis1fsp8dc5ugsf1cjbmp@google.com,4,朝焼けと車窓,no,no,no,,SHIBUYA CYCLONE,「ベルハー・イン・ザ・ダーク vol.4」,【イベント】「ベルハー・イン・ザ・ダーク vol.4」,2026-08-17.txt
2025-09-27,12:00,12:00,78iudvis1fsp8dc5ugsf1cjbmp@google.com,5,ルミナス,no,no,no,,SHIBUYA CYCLONE,「ベルハー・イン・ザ・ダーク vol.4」,【イベント】「ベルハー・イン・ザ・ダーク vol.4」,2026-08-17.txt
2025-09-27,12:00,12:00,78iudvis1fsp8dc5ugsf1cjbmp@google.com,6,プライマリ,no,no,no,,SHIBUYA CYCLONE,「ベルハー・イン・ザ・ダーク vol.4」,【イベント】「ベルハー・イン・ザ・ダーク vol.4」,2026-08-17.txt
2025-09-28,12:00,11:00,0uf0o3j5hen17n5hgfvb83rd2e@google.com,1,SE,yes,no,no,,Flowers Loft,INFINITY LIVE presents『THE PRISMING vol.32』,【イベント】INFINITY LIVE presents『THE PRISMING vol.32』,2026-08-17.txt
2025-09-28,12:00,11:00,0uf0o3j5hen17n5hgfvb83rd2e@google.com,2,"Dear,History",no,no,no,,Flowers Loft,INFINITY LIVE presents『THE PRISMING vol.32』,【イベント】INFINITY LIVE presents『THE PRISMING vol.32』,2026-08-17.txt
2025-09-28,12:00,11:00,0uf0o3j5hen17n5hgfvb83rd2e@google.com,3,朝焼けと車窓,no,no,no,,Flowers Loft,INFINITY LIVE presents『THE PRISMING vol.32』,【イベント】INFINITY LIVE presents『THE PRISMING vol.32』,2026-08-17.txt
2025-09-28,12:00,11:00,0uf0o3j5hen17n5hgfvb83rd2e@google.com,4,Moving Lights!,no,no,no,,Flowers Loft,INFINITY LIVE presents『THE PRISMING vol.32』,【イベント】INFINITY LIVE presents『THE PRISMING vol.32』,2026-08-17.txt
2025-09-28,12:00,11:00,0uf0o3j5hen17n5hgfvb83rd2e@google.com,5,ルミナス,no,no,no,,Flowers Loft,INFINITY LIVE presents『THE PRISMING vol.32』,【イベント】INFINITY LIVE presents『THE PRISMING vol.32』,2026-08-17.txt
2025-09-28,12:00,11:00,0uf0o3j5hen17n5hgfvb83rd2e@google.com,6,プライマリ,no,no,no,,Flowers Loft,INFINITY LIVE presents『THE PRISMING vol.32』,【イベント】INFINITY LIVE presents『THE PRISMING vol.32』,2026-08-17.txt
2025-10-03,20:00,19:00,5ujs63mf2bkjq9kj237ndle529@google.com,1,SE,yes,no,no,,新宿MARZ,UNIVERSE企画『NEW ORDER』,【イベント】UNIVERSE企画『NEW ORDER』,2026-08-17.txt
2025-10-03,20:00,19:00,5ujs63mf2bkjq9kj237ndle529@google.com,2,"Dear,History",no,no,no,,新宿MARZ,UNIVERSE企画『NEW ORDER』,【イベント】UNIVERSE企画『NEW ORDER』,2026-08-17.txt
2025-10-03,20:00,19:00,5ujs63mf2bkjq9kj237ndle529@google.com,3,Blooming,no,no,no,,新宿MARZ,UNIVERSE企画『NEW ORDER』,【イベント】UNIVERSE企画『NEW ORDER』,2026-08-17.txt
2025-10-03,20:00,19:00,5ujs63mf2bkjq9kj237ndle529@google.com,4,Moving Lights!,no,no,no,,新宿MARZ,UNIVERSE企画『NEW ORDER』,【イベント】UNIVERSE企画『NEW ORDER』,2026-08-17.txt
2025-10-03,20:00,19:00,5ujs63mf2bkjq9kj237ndle529@google.com,5,ルミナス,no,no,no,,新宿MARZ,UNIVERSE企画『NEW ORDER』,【イベント】UNIVERSE企画『NEW ORDER』,2026-08-17.txt
2025-10-03,20:00,19:00,5ujs63mf2bkjq9kj237ndle529@google.com,6,朝焼けと車窓,no,no,no,,新宿MARZ,UNIVERSE企画『NEW ORDER』,【イベント】UNIVERSE企画『NEW ORDER』,2026-08-17.txt
2025-10-03,20:00,19:00,5ujs63mf2bkjq9kj237ndle529@google.com,7,プライマリ,no,no,no,,新宿MARZ,UNIVERSE企画『NEW ORDER』,【イベント】UNIVERSE企画『NEW ORDER』,2026-08-17.txt
2025-10-05,19:20,17:00,3hlkt7vfhjk7ve2kb5aumb08j4@google.com,1,SE,yes,no,no,,Flowers Loft,『アネモネ』,【イベント】『アネモネ』,2026-08-17.txt
2025-10-05,19:20,17:00,3hlkt7vfhjk7ve2kb5aumb08j4@google.com,2,Blooming,no,no,no,,Flowers Loft,『アネモネ』,【イベント】『アネモネ』,2026-08-17.txt
2025-10-05,19:20,17:00,3hlkt7vfhjk7ve2kb5aumb08j4@google.com,3,"Dear,History",no,no,no,,Flowers Loft,『アネモネ』,【イベント】『アネモネ』,2026-08-17.txt
2025-10-05,19:20,17:00,3hlkt7vfhjk7ve2kb5aumb08j4@google.com,4,ルミナス,no,no,no,,Flowers Loft,『アネモネ』,【イベント】『アネモネ』,2026-08-17.txt
2025-10-05,19:20,17:00,3hlkt7vfhjk7ve2kb5aumb08j4@google.com,5,朝焼けと車窓,no,no,no,,Flowers Loft,『アネモネ』,【イベント】『アネモネ』,2026-08-17.txt
2025-10-05,19:20,17:00,3hlkt7vfhjk7ve2kb5aumb08j4@google.com,6,プライマリ,no,no,no,,Flowers Loft,『アネモネ』,【イベント】『アネモネ』,2026-08-17.txt
2025-10-11,12:50,12:00,2uogrkev03oq9bjvpuvjqtpjum@google.com,1,SE,yes,no,no,,TwinBoxGARAGE,『あきばのともだち』,【イベント】「あきばのともだち」,2026-08-17.txt
2025-10-11,12:50,12:00,2uogrkev03oq9bjvpuvjqtpjum@google.com,2,"Dear,History",no,no,no,,TwinBoxGARAGE,『あきばのともだち』,【イベント】「あきばのともだち」,2026-08-17.txt
2025-10-11,12:50,12:00,2uogrkev03oq9bjvpuvjqtpjum@google.com,3,Blooming,no,no,no,,TwinBoxGARAGE,『あきばのともだち』,【イベント】「あきばのともだち」,2026-08-17.txt
2025-10-11,12:50,12:00,2uogrkev03oq9bjvpuvjqtpjum@google.com,4,朝焼けと車窓,no,no,no,,TwinBoxGARAGE,『あきばのともだち』,【イベント】「あきばのともだち」,2026-08-17.txt
2025-10-11,12:50,12:00,2uogrkev03oq9bjvpuvjqtpjum@google.com,5,ルミナス,no,no,no,,TwinBoxGARAGE,『あきばのともだち』,【イベント】「あきばのともだち」,2026-08-17.txt
2025-10-11,12:50,12:00,2uogrkev03oq9bjvpuvjqtpjum@google.com,6,プライマリ,no,no,no,,TwinBoxGARAGE,『あきばのともだち』,【イベント】「あきばのともだち」,2026-08-17.txt
2025-10-12,18:15,12:00,697pjnraaoi8jpfvoi5u4nc8t9@google.com,1,SE,yes,no,no,,下北沢MOSAiC,雨模様のソラリス presents「Festival in the Rain 2025」,【イベント】雨模様のソラリス presents「Festival in the Rain 2025」,2026-08-17.txt
2025-10-12,18:15,12:00,697pjnraaoi8jpfvoi5u4nc8t9@google.com,2,"Dear,History",no,no,no,,下北沢MOSAiC,雨模様のソラリス presents「Festival in the Rain 2025」,【イベント】雨模様のソラリス presents「Festival in the Rain 2025」,2026-08-17.txt
2025-10-12,18:15,12:00,697pjnraaoi8jpfvoi5u4nc8t9@google.com,3,Blooming,no,no,no,,下北沢MOSAiC,雨模様のソラリス presents「Festival in the Rain 2025」,【イベント】雨模様のソラリス presents「Festival in the Rain 2025」,2026-08-17.txt
2025-10-12,18:15,12:00,697pjnraaoi8jpfvoi5u4nc8t9@google.com,4,Moving Lights!,no,no,no,,下北沢MOSAiC,雨模様のソラリス presents「Festival in the Rain 2025」,【イベント】雨模様のソラリス presents「Festival in the Rain 2025」,2026-08-17.txt
2025-10-12,18:15,12:00,697pjnraaoi8jpfvoi5u4nc8t9@google.com,5,朝焼けと車窓,no,no,no,,下北沢MOSAiC,雨模様のソラリス presents「Festival in the Rain 2025」,【イベント】雨模様のソラリス presents「Festival in the Rain 2025」,2026-08-17.txt
2025-10-12,18:15,12:00,697pjnraaoi8jpfvoi5u4nc8t9@google.com,6,ルミナス,no,no,no,,下北沢MOSAiC,雨模様のソラリス presents「Festival in the Rain 2025」,【イベント】雨模様のソラリス presents「Festival in the Rain 2025」,2026-08-17.txt
2025-10-13,19:15,17:00,3o0n3gohtgfv1m2skv54hfm9jk@google.com,1,SE,yes,no,no,,神田CLUB F#,「かんだでもおともだち 〜おてつだい じ〜け〜ないと〜」,【イベント】「かんだでもおともだち 〜おてつだい じ〜け〜ないと〜」,2026-08-17.txt
2025-10-13,19:15,17:00,3o0n3gohtgfv1m2skv54hfm9jk@google.com,2,"Dear,History",no,no,no,,神田CLUB F#,「かんだでもおともだち 〜おてつだい じ〜け〜ないと〜」,【イベント】「かんだでもおともだち 〜おてつだい じ〜け〜ないと〜」,2026-08-17.txt
2025-10-13,19:15,17:00,3o0n3gohtgfv1m2skv54hfm9jk@google.com,3,朝焼けと車窓,no,no,no,,神田CLUB F#,「かんだでもおともだち 〜おてつだい じ〜け〜ないと〜」,【イベント】「かんだでもおともだち 〜おてつだい じ〜け〜ないと〜」,2026-08-17.txt
2025-10-13,19:15,17:00,3o0n3gohtgfv1m2skv54hfm9jk@google.com,4,Moving Lights!,no,no,no,,神田CLUB F#,「かんだでもおともだち 〜おてつだい じ〜け〜ないと〜」,【イベント】「かんだでもおともだち 〜おてつだい じ〜け〜ないと〜」,2026-08-17.txt
2025-10-13,19:15,17:00,3o0n3gohtgfv1m2skv54hfm9jk@google.com,5,ルミナス,no,no,no,,神田CLUB F#,「かんだでもおともだち 〜おてつだい じ〜け〜ないと〜」,【イベント】「かんだでもおともだち 〜おてつだい じ〜け〜ないと〜」,2026-08-17.txt
2025-10-13,19:15,17:00,3o0n3gohtgfv1m2skv54hfm9jk@google.com,6,プライマリ,no,no,no,,神田CLUB F#,「かんだでもおともだち 〜おてつだい じ〜け〜ないと〜」,【イベント】「かんだでもおともだち 〜おてつだい じ〜け〜ないと〜」,2026-08-17.txt
2025-10-18,12:15,10:30,47fmbscf88lo1enn9dolm8rdm8@google.com,1,SE,yes,no,no,,恵比寿CreAto,「コウサツ」,【イベント】「コウサツ」,2026-08-17.txt
2025-10-18,12:15,10:30,47fmbscf88lo1enn9dolm8rdm8@google.com,2,"Dear,History",no,no,no,,恵比寿CreAto,「コウサツ」,【イベント】「コウサツ」,2026-08-17.txt
2025-10-18,12:15,10:30,47fmbscf88lo1enn9dolm8rdm8@google.com,3,Blooming,no,no,no,,恵比寿CreAto,「コウサツ」,【イベント】「コウサツ」,2026-08-17.txt
2025-10-18,12:15,10:30,47fmbscf88lo1enn9dolm8rdm8@google.com,4,朝焼けと車窓,no,no,no,,恵比寿CreAto,「コウサツ」,【イベント】「コウサツ」,2026-08-17.txt
2025-10-18,12:15,10:30,47fmbscf88lo1enn9dolm8rdm8@google.com,5,ルミナス,no,no,no,,恵比寿CreAto,「コウサツ」,【イベント】「コウサツ」,2026-08-17.txt
2025-10-18,12:15,10:30,47fmbscf88lo1enn9dolm8rdm8@google.com,6,プライマリ,no,no,no,,恵比寿CreAto,「コウサツ」,【イベント】「コウサツ」,2026-08-17.txt
2025-10-18,18:30,17:00,7ao4m28mgjlgqkm7b3316ucp6t@google.com,1,SE,yes,no,no,,大塚Hearts Next,ギュウ農フェス mini『この秋、運命は勇者に微笑む』～夕の部～,【イベント】ギュウ農フェス mini『この秋、運命は勇者に微笑む』～夕の部～,2026-08-17.txt
2025-10-18,18:30,17:00,7ao4m28mgjlgqkm7b3316ucp6t@google.com,2,Moving Lights!,no,no,no,,大塚Hearts Next,ギュウ農フェス mini『この秋、運命は勇者に微笑む』～夕の部～,【イベント】ギュウ農フェス mini『この秋、運命は勇者に微笑む』～夕の部～,2026-08-17.txt
2025-10-18,18:30,17:00,7ao4m28mgjlgqkm7b3316ucp6t@google.com,3,Blooming,no,no,no,,大塚Hearts Next,ギュウ農フェス mini『この秋、運命は勇者に微笑む』～夕の部～,【イベント】ギュウ農フェス mini『この秋、運命は勇者に微笑む』～夕の部～,2026-08-17.txt
2025-10-18,18:30,17:00,7ao4m28mgjlgqkm7b3316ucp6t@google.com,4,"Dear,History",no,no,no,,大塚Hearts Next,ギュウ農フェス mini『この秋、運命は勇者に微笑む』～夕の部～,【イベント】ギュウ農フェス mini『この秋、運命は勇者に微笑む』～夕の部～,2026-08-17.txt
2025-10-18,18:30,17:00,7ao4m28mgjlgqkm7b3316ucp6t@google.com,5,ルミナス,no,no,no,,大塚Hearts Next,ギュウ農フェス mini『この秋、運命は勇者に微笑む』～夕の部～,【イベント】ギュウ農フェス mini『この秋、運命は勇者に微笑む』～夕の部～,2026-08-17.txt
2025-10-18,18:30,17:00,7ao4m28mgjlgqkm7b3316ucp6t@google.com,6,朝焼けと車窓,no,no,no,,大塚Hearts Next,ギュウ農フェス mini『この秋、運命は勇者に微笑む』～夕の部～,【イベント】ギュウ農フェス mini『この秋、運命は勇者に微笑む』～夕の部～,2026-08-17.txt
2025-10-18,18:30,17:00,7ao4m28mgjlgqkm7b3316ucp6t@google.com,7,プライマリ,no,no,no,,大塚Hearts Next,ギュウ農フェス mini『この秋、運命は勇者に微笑む』～夕の部～,【イベント】ギュウ農フェス mini『この秋、運命は勇者に微笑む』～夕の部～,2026-08-17.txt
2025-10-19,13:15,12:00,1s93n65rm9bju65gpc23dm6u6e@google.com,1,SE,yes,no,no,,Spotify O-Crest,「NEW AGE MUGEN EMO(DAY)」,【イベント】NEW AGE MUGEN EMO(DAY),2026-08-17.txt
2025-10-19,13:15,12:00,1s93n65rm9bju65gpc23dm6u6e@google.com,2,Blooming,no,no,no,,Spotify O-Crest,「NEW AGE MUGEN EMO(DAY)」,【イベント】NEW AGE MUGEN EMO(DAY),2026-08-17.txt
2025-10-19,13:15,12:00,1s93n65rm9bju65gpc23dm6u6e@google.com,3,朝焼けと車窓,no,no,no,,Spotify O-Crest,「NEW AGE MUGEN EMO(DAY)」,【イベント】NEW AGE MUGEN EMO(DAY),2026-08-17.txt
2025-10-19,13:15,12:00,1s93n65rm9bju65gpc23dm6u6e@google.com,4,Moving Lights!,no,no,no,,Spotify O-Crest,「NEW AGE MUGEN EMO(DAY)」,【イベント】NEW AGE MUGEN EMO(DAY),2026-08-17.txt
2025-10-19,13:15,12:00,1s93n65rm9bju65gpc23dm6u6e@google.com,5,ルミナス,no,no,no,,Spotify O-Crest,「NEW AGE MUGEN EMO(DAY)」,【イベント】NEW AGE MUGEN EMO(DAY),2026-08-17.txt
2025-10-19,13:15,12:00,1s93n65rm9bju65gpc23dm6u6e@google.com,6,"Dear,History",no,no,no,,Spotify O-Crest,「NEW AGE MUGEN EMO(DAY)」,【イベント】NEW AGE MUGEN EMO(DAY),2026-08-17.txt
2025-10-21,19:30,19:00,301c0ri94ucbge2vjv7k57opa9@google.com,1,SE,yes,no,no,,大塚Hearts+,「#pmbfriends vol.1」,【イベント】「#pmbfriends vol.1」,2026-08-17.txt
2025-10-21,19:30,19:00,301c0ri94ucbge2vjv7k57opa9@google.com,2,"Dear,History",no,no,no,,大塚Hearts+,「#pmbfriends vol.1」,【イベント】「#pmbfriends vol.1」,2026-08-17.txt
2025-10-21,19:30,19:00,301c0ri94ucbge2vjv7k57opa9@google.com,3,Blooming,no,no,no,,大塚Hearts+,「#pmbfriends vol.1」,【イベント】「#pmbfriends vol.1」,2026-08-17.txt
2025-10-21,19:30,19:00,301c0ri94ucbge2vjv7k57opa9@google.com,4,Moving Lights!,no,no,no,,大塚Hearts+,「#pmbfriends vol.1」,【イベント】「#pmbfriends vol.1」,2026-08-17.txt
2025-10-21,19:30,19:00,301c0ri94ucbge2vjv7k57opa9@google.com,5,ルミナス,no,no,no,,大塚Hearts+,「#pmbfriends vol.1」,【イベント】「#pmbfriends vol.1」,2026-08-17.txt
2025-10-21,19:30,19:00,301c0ri94ucbge2vjv7k57opa9@google.com,6,朝焼けと車窓,no,no,no,,大塚Hearts+,「#pmbfriends vol.1」,【イベント】「#pmbfriends vol.1」,2026-08-17.txt
2025-10-21,19:30,19:00,301c0ri94ucbge2vjv7k57opa9@google.com,7,プライマリ,no,no,no,,大塚Hearts+,「#pmbfriends vol.1」,【イベント】「#pmbfriends vol.1」,2026-08-17.txt
2025-10-24,20:00,18:30,2o65v8nv02inp0mhi1hinuoc73@google.com,1,SE,yes,no,no,,Flowers Loft,「アネモネ」,【イベント】『アネモネ』,2026-08-17.txt
2025-10-24,20:00,18:30,2o65v8nv02inp0mhi1hinuoc73@google.com,2,"Dear,History",no,no,no,,Flowers Loft,「アネモネ」,【イベント】『アネモネ』,2026-08-17.txt
2025-10-24,20:00,18:30,2o65v8nv02inp0mhi1hinuoc73@google.com,3,Blooming,no,no,no,,Flowers Loft,「アネモネ」,【イベント】『アネモネ』,2026-08-17.txt
2025-10-24,20:00,18:30,2o65v8nv02inp0mhi1hinuoc73@google.com,4,朝焼けと車窓,no,no,no,,Flowers Loft,「アネモネ」,【イベント】『アネモネ』,2026-08-17.txt
2025-10-24,20:00,18:30,2o65v8nv02inp0mhi1hinuoc73@google.com,5,Moving Lights!,no,no,no,,Flowers Loft,「アネモネ」,【イベント】『アネモネ』,2026-08-17.txt
2025-10-24,20:00,18:30,2o65v8nv02inp0mhi1hinuoc73@google.com,6,ルミナス,no,no,no,,Flowers Loft,「アネモネ」,【イベント】『アネモネ』,2026-08-17.txt
2025-10-24,20:00,18:30,2o65v8nv02inp0mhi1hinuoc73@google.com,7,プライマリ,no,no,no,,Flowers Loft,「アネモネ」,【イベント】『アネモネ』,2026-08-17.txt
2025-10-26,10:40,09:20,2f3h11s3upokgt9e1s8v9h6ri6@google.com,1,SE(Moving Lights!),yes,no,no,New,SHIBUYA RING,『LEADING Circuit HELLOWEEN』,【イベント】『LEADING Circuit HELLOWEEN』,2026-08-17.txt
2025-10-26,10:40,09:20,2f3h11s3upokgt9e1s8v9h6ri6@google.com,2,Moving Lights!,no,no,no,,SHIBUYA RING,『LEADING Circuit HELLOWEEN』,【イベント】『LEADING Circuit HELLOWEEN』,2026-08-17.txt
2025-10-26,10:40,09:20,2f3h11s3upokgt9e1s8v9h6ri6@google.com,3,ルミナス,no,no,no,,SHIBUYA RING,『LEADING Circuit HELLOWEEN』,【イベント】『LEADING Circuit HELLOWEEN』,2026-08-17.txt
2025-10-26,10:40,09:20,2f3h11s3upokgt9e1s8v9h6ri6@google.com,4,朝焼けと車窓,no,no,no,,SHIBUYA RING,『LEADING Circuit HELLOWEEN』,【イベント】『LEADING Circuit HELLOWEEN』,2026-08-17.txt
2025-10-26,10:40,09:20,2f3h11s3upokgt9e1s8v9h6ri6@google.com,5,"Dear,History",no,no,no,,SHIBUYA RING,『LEADING Circuit HELLOWEEN』,【イベント】『LEADING Circuit HELLOWEEN』,2026-08-17.txt
2025-10-26,19:30,18:30,510ap4b13vrr1kfrfv5j9ota18@google.com,1,SE,yes,no,no,,新宿MARZ,UNIVERSE企画『NEW ORDER』,【イベント】UNIVERSE企画『NEW ORDER』,2026-08-17.txt
2025-10-26,19:30,18:30,510ap4b13vrr1kfrfv5j9ota18@google.com,2,"Dear,History",no,no,no,,新宿MARZ,UNIVERSE企画『NEW ORDER』,【イベント】UNIVERSE企画『NEW ORDER』,2026-08-17.txt
2025-10-26,19:30,18:30,510ap4b13vrr1kfrfv5j9ota18@google.com,3,朝焼けと車窓,no,no,no,,新宿MARZ,UNIVERSE企画『NEW ORDER』,【イベント】UNIVERSE企画『NEW ORDER』,2026-08-17.txt
2025-10-26,19:30,18:30,510ap4b13vrr1kfrfv5j9ota18@google.com,4,Blooming,no,no,no,,新宿MARZ,UNIVERSE企画『NEW ORDER』,【イベント】UNIVERSE企画『NEW ORDER』,2026-08-17.txt
2025-10-26,19:30,18:30,510ap4b13vrr1kfrfv5j9ota18@google.com,5,Moving Lights!,no,no,no,,新宿MARZ,UNIVERSE企画『NEW ORDER』,【イベント】UNIVERSE企画『NEW ORDER』,2026-08-17.txt
2025-10-26,19:30,18:30,510ap4b13vrr1kfrfv5j9ota18@google.com,6,ルミナス,no,no,no,,新宿MARZ,UNIVERSE企画『NEW ORDER』,【イベント】UNIVERSE企画『NEW ORDER』,2026-08-17.txt
2025-10-26,19:30,18:30,510ap4b13vrr1kfrfv5j9ota18@google.com,7,プライマリ,no,no,no,,新宿MARZ,UNIVERSE企画『NEW ORDER』,【イベント】UNIVERSE企画『NEW ORDER』,2026-08-17.txt
2025-10-27,19:35,19:10,33i7f7gs73g2oieh0ttsc4q3su@google.com,1,SE,yes,no,no,,新宿MARZ,「エンジョイナス‼」,【イベント】「エンジョイナス‼」,2026-08-17.txt
2025-10-27,19:35,19:10,33i7f7gs73g2oieh0ttsc4q3su@google.com,2,"Dear,History",no,no,no,,新宿MARZ,「エンジョイナス‼」,【イベント】「エンジョイナス‼」,2026-08-17.txt
2025-10-27,19:35,19:10,33i7f7gs73g2oieh0ttsc4q3su@google.com,3,Blooming,no,no,no,,新宿MARZ,「エンジョイナス‼」,【イベント】「エンジョイナス‼」,2026-08-17.txt
2025-10-27,19:35,19:10,33i7f7gs73g2oieh0ttsc4q3su@google.com,4,ルミナス,no,no,no,,新宿MARZ,「エンジョイナス‼」,【イベント】「エンジョイナス‼」,2026-08-17.txt
2025-10-27,19:35,19:10,33i7f7gs73g2oieh0ttsc4q3su@google.com,5,朝焼けと車窓,no,no,no,,新宿MARZ,「エンジョイナス‼」,【イベント】「エンジョイナス‼」,2026-08-17.txt
2025-10-27,19:35,19:10,33i7f7gs73g2oieh0ttsc4q3su@google.com,6,プライマリ,no,no,no,,新宿MARZ,「エンジョイナス‼」,【イベント】「エンジョイナス‼」,2026-08-17.txt
2025-11-01,20:15,16:45,55icp9hnemnu349eujvhcvgmm6@google.com,1,SE,yes,no,no,,四谷LOTUS,INFINITY LIVE presents『Princeism - Night - 』,【イベント】INFINITY LIVE presents『Princeism - Night - 』,2026-08-17.txt
2025-11-01,20:15,16:45,55icp9hnemnu349eujvhcvgmm6@google.com,2,"Dear,History",no,no,no,,四谷LOTUS,INFINITY LIVE presents『Princeism - Night - 』,【イベント】INFINITY LIVE presents『Princeism - Night - 』,2026-08-17.txt
2025-11-01,20:15,16:45,55icp9hnemnu349eujvhcvgmm6@google.com,3,Blooming,no,no,no,,四谷LOTUS,INFINITY LIVE presents『Princeism - Night - 』,【イベント】INFINITY LIVE presents『Princeism - Night - 』,2026-08-17.txt
2025-11-01,20:15,16:45,55icp9hnemnu349eujvhcvgmm6@google.com,4,朝焼けと車窓,no,no,no,,四谷LOTUS,INFINITY LIVE presents『Princeism - Night - 』,【イベント】INFINITY LIVE presents『Princeism - Night - 』,2026-08-17.txt
2025-11-01,20:15,16:45,55icp9hnemnu349eujvhcvgmm6@google.com,5,ルミナス,no,no,no,,四谷LOTUS,INFINITY LIVE presents『Princeism - Night - 』,【イベント】INFINITY LIVE presents『Princeism - Night - 』,2026-08-17.txt
2025-11-01,20:15,16:45,55icp9hnemnu349eujvhcvgmm6@google.com,6,プライマリ,no,no,no,,四谷LOTUS,INFINITY LIVE presents『Princeism - Night - 』,【イベント】INFINITY LIVE presents『Princeism - Night - 』,2026-08-17.txt
2025-11-02,16:00,11:00,4eocno6jtlm7me3o4tp1h7heei@google.com,1,SE,yes,no,no,,大塚Hearts+,Hearts+ presents「秋のYOIMACHI」,【イベント】Hearts+ presents「秋のYOIMACHI」,2026-08-17.txt
2025-11-02,16:00,11:00,4eocno6jtlm7me3o4tp1h7heei@google.com,2,Blooming,no,no,no,,大塚Hearts+,Hearts+ presents「秋のYOIMACHI」,【イベント】Hearts+ presents「秋のYOIMACHI」,2026-08-17.txt
2025-11-02,16:00,11:00,4eocno6jtlm7me3o4tp1h7heei@google.com,3,Moving Lights!,no,no,no,,大塚Hearts+,Hearts+ presents「秋のYOIMACHI」,【イベント】Hearts+ presents「秋のYOIMACHI」,2026-08-17.txt
2025-11-02,16:00,11:00,4eocno6jtlm7me3o4tp1h7heei@google.com,4,ルミナス,no,no,no,,大塚Hearts+,Hearts+ presents「秋のYOIMACHI」,【イベント】Hearts+ presents「秋のYOIMACHI」,2026-08-17.txt
2025-11-02,16:00,11:00,4eocno6jtlm7me3o4tp1h7heei@google.com,5,プライマリ,no,no,no,,大塚Hearts+,Hearts+ presents「秋のYOIMACHI」,【イベント】Hearts+ presents「秋のYOIMACHI」,2026-08-17.txt
2025-11-02,16:00,11:00,4eocno6jtlm7me3o4tp1h7heei@google.com,6,朝焼けと車窓,no,no,no,,大塚Hearts+,Hearts+ presents「秋のYOIMACHI」,【イベント】Hearts+ presents「秋のYOIMACHI」,2026-08-17.txt
2025-11-02,16:00,11:00,4eocno6jtlm7me3o4tp1h7heei@google.com,7,"Dear,History",no,no,no,,大塚Hearts+,Hearts+ presents「秋のYOIMACHI」,【イベント】Hearts+ presents「秋のYOIMACHI」,2026-08-17.txt
2025-11-03,12:10,11:30,6uqoqld8v3b8nv399kljen2pcn@google.com,1,SE(Moving Lights!),yes,no,no,,TwinBoxGARAGE,『秋葉原アイドルサーキット vol.5』,【イベント】『秋葉原アイドルサーキット vol.5』,2026-08-17.txt
2025-11-03,12:10,11:30,6uqoqld8v3b8nv399kljen2pcn@google.com,2,Moving Lights!,no,no,no,,TwinBoxGARAGE,『秋葉原アイドルサーキット vol.5』,【イベント】『秋葉原アイドルサーキット vol.5』,2026-08-17.txt
2025-11-03,12:10,11:30,6uqoqld8v3b8nv399kljen2pcn@google.com,3,Blooming,no,no,no,,TwinBoxGARAGE,『秋葉原アイドルサーキット vol.5』,【イベント】『秋葉原アイドルサーキット vol.5』,2026-08-17.txt
2025-11-03,12:10,11:30,6uqoqld8v3b8nv399kljen2pcn@google.com,4,朝焼けと車窓,no,no,no,,TwinBoxGARAGE,『秋葉原アイドルサーキット vol.5』,【イベント】『秋葉原アイドルサーキット vol.5』,2026-08-17.txt
2025-11-03,12:10,11:30,6uqoqld8v3b8nv399kljen2pcn@google.com,5,ルミナス,no,no,no,,TwinBoxGARAGE,『秋葉原アイドルサーキット vol.5』,【イベント】『秋葉原アイドルサーキット vol.5』,2026-08-17.txt
2025-11-08,14:10,11:30,39mrm0e7l6945sadb4vl9v34er@google.com,1,SE,yes,no,no,,下北沢MOSAiC,「アイクル2025本祭 ~WAKUWAKU CIRCUIT ~」,【イベント】「アイクル2025本祭 ~WAKUWAKU CIRCUIT ~」,2026-08-17.txt
2025-11-08,14:10,11:30,39mrm0e7l6945sadb4vl9v34er@google.com,2,Blooming,no,no,no,,下北沢MOSAiC,「アイクル2025本祭 ~WAKUWAKU CIRCUIT ~」,【イベント】「アイクル2025本祭 ~WAKUWAKU CIRCUIT ~」,2026-08-17.txt
2025-11-08,14:10,11:30,39mrm0e7l6945sadb4vl9v34er@google.com,3,"Dear,History",no,no,no,,下北沢MOSAiC,「アイクル2025本祭 ~WAKUWAKU CIRCUIT ~」,【イベント】「アイクル2025本祭 ~WAKUWAKU CIRCUIT ~」,2026-08-17.txt
2025-11-08,14:10,11:30,39mrm0e7l6945sadb4vl9v34er@google.com,4,プライマリ,no,no,no,,下北沢MOSAiC,「アイクル2025本祭 ~WAKUWAKU CIRCUIT ~」,【イベント】「アイクル2025本祭 ~WAKUWAKU CIRCUIT ~」,2026-08-17.txt
2025-11-08,14:10,11:30,39mrm0e7l6945sadb4vl9v34er@google.com,5,Moving Lights!,no,no,no,,下北沢MOSAiC,「アイクル2025本祭 ~WAKUWAKU CIRCUIT ~」,【イベント】「アイクル2025本祭 ~WAKUWAKU CIRCUIT ~」,2026-08-17.txt
2025-11-08,14:10,11:30,39mrm0e7l6945sadb4vl9v34er@google.com,6,朝焼けと車窓,no,no,no,,下北沢MOSAiC,「アイクル2025本祭 ~WAKUWAKU CIRCUIT ~」,【イベント】「アイクル2025本祭 ~WAKUWAKU CIRCUIT ~」,2026-08-17.txt
2025-11-08,14:10,11:30,39mrm0e7l6945sadb4vl9v34er@google.com,7,ルミナス,no,no,no,,下北沢MOSAiC,「アイクル2025本祭 ~WAKUWAKU CIRCUIT ~」,【イベント】「アイクル2025本祭 ~WAKUWAKU CIRCUIT ~」,2026-08-17.txt
2025-11-09,11:30,11:30,0jtputfi1ov77hthi3keienms8@google.com,1,SE(Moving Lights!),yes,no,no,,Flowers Loft,『WEEKEND無限脱却SPECIAL 2025』,【イベント】『WEEKEND無限脱却SPECIAL 2025』,2026-08-17.txt
2025-11-09,11:30,11:30,0jtputfi1ov77hthi3keienms8@google.com,2,Moving Lights!,no,no,no,,Flowers Loft,『WEEKEND無限脱却SPECIAL 2025』,【イベント】『WEEKEND無限脱却SPECIAL 2025』,2026-08-17.txt
2025-11-09,11:30,11:30,0jtputfi1ov77hthi3keienms8@google.com,3,Blooming,no,no,no,,Flowers Loft,『WEEKEND無限脱却SPECIAL 2025』,【イベント】『WEEKEND無限脱却SPECIAL 2025』,2026-08-17.txt
2025-11-09,11:30,11:30,0jtputfi1ov77hthi3keienms8@google.com,4,ルミナス,no,no,no,,Flowers Loft,『WEEKEND無限脱却SPECIAL 2025』,【イベント】『WEEKEND無限脱却SPECIAL 2025』,2026-08-17.txt
2025-11-09,11:30,11:30,0jtputfi1ov77hthi3keienms8@google.com,5,朝焼けと車窓,no,no,no,,Flowers Loft,『WEEKEND無限脱却SPECIAL 2025』,【イベント】『WEEKEND無限脱却SPECIAL 2025』,2026-08-17.txt
2025-11-09,11:30,11:30,0jtputfi1ov77hthi3keienms8@google.com,6,"Dear,History",no,no,no,,Flowers Loft,『WEEKEND無限脱却SPECIAL 2025』,【イベント】『WEEKEND無限脱却SPECIAL 2025』,2026-08-17.txt
2025-11-10,18:30,18:30,1tnsqg7767nv4i7soc70qvd1pd@google.com,1,SE,yes,no,no,,大塚Hearts+,日ノ目企画presents“MONDAYDRIVE”,【イベント】日ノ目企画presents“MONDAYDRIVE”,2026-08-17.txt
2025-11-10,18:30,18:30,1tnsqg7767nv4i7soc70qvd1pd@google.com,2,Blooming,no,no,no,,大塚Hearts+,日ノ目企画presents“MONDAYDRIVE”,【イベント】日ノ目企画presents“MONDAYDRIVE”,2026-08-17.txt
2025-11-10,18:30,18:30,1tnsqg7767nv4i7soc70qvd1pd@google.com,3,Moving Lights!,no,no,no,,大塚Hearts+,日ノ目企画presents“MONDAYDRIVE”,【イベント】日ノ目企画presents“MONDAYDRIVE”,2026-08-17.txt
2025-11-10,18:30,18:30,1tnsqg7767nv4i7soc70qvd1pd@google.com,4,朝焼けと車窓,no,no,no,,大塚Hearts+,日ノ目企画presents“MONDAYDRIVE”,【イベント】日ノ目企画presents“MONDAYDRIVE”,2026-08-17.txt
2025-11-10,18:30,18:30,1tnsqg7767nv4i7soc70qvd1pd@google.com,5,ルミナス,no,no,no,,大塚Hearts+,日ノ目企画presents“MONDAYDRIVE”,【イベント】日ノ目企画presents“MONDAYDRIVE”,2026-08-17.txt
2025-11-10,18:30,18:30,1tnsqg7767nv4i7soc70qvd1pd@google.com,6,"Dear,History",no,no,no,,大塚Hearts+,日ノ目企画presents“MONDAYDRIVE”,【イベント】日ノ目企画presents“MONDAYDRIVE”,2026-08-17.txt
2025-11-11,19:15,18:45,6njvp3mgt9tdnp7sb771iq05a8@google.com,1,SE,yes,no,no,,高円寺HIGH,"「AQ&0番線と夜明け前 共同企画""永久番線""」","【イベント】AQ&0番線と夜明け前 共同企画""永久番線""",2026-08-17.txt
2025-11-11,19:15,18:45,6njvp3mgt9tdnp7sb771iq05a8@google.com,2,"Dear,History",no,no,no,,高円寺HIGH,"「AQ&0番線と夜明け前 共同企画""永久番線""」","【イベント】AQ&0番線と夜明け前 共同企画""永久番線""",2026-08-17.txt
2025-11-11,19:15,18:45,6njvp3mgt9tdnp7sb771iq05a8@google.com,3,Blooming,no,no,no,,高円寺HIGH,"「AQ&0番線と夜明け前 共同企画""永久番線""」","【イベント】AQ&0番線と夜明け前 共同企画""永久番線""",2026-08-17.txt
2025-11-11,19:15,18:45,6njvp3mgt9tdnp7sb771iq05a8@google.com,4,Moving Lights!,no,no,no,,高円寺HIGH,"「AQ&0番線と夜明け前 共同企画""永久番線""」","【イベント】AQ&0番線と夜明け前 共同企画""永久番線""",2026-08-17.txt
2025-11-11,19:15,18:45,6njvp3mgt9tdnp7sb771iq05a8@google.com,5,ルミナス,no,no,no,,高円寺HIGH,"「AQ&0番線と夜明け前 共同企画""永久番線""」","【イベント】AQ&0番線と夜明け前 共同企画""永久番線""",2026-08-17.txt
2025-11-11,19:15,18:45,6njvp3mgt9tdnp7sb771iq05a8@google.com,6,朝焼けと車窓,no,no,no,,高円寺HIGH,"「AQ&0番線と夜明け前 共同企画""永久番線""」","【イベント】AQ&0番線と夜明け前 共同企画""永久番線""",2026-08-17.txt
2025-11-11,19:15,18:45,6njvp3mgt9tdnp7sb771iq05a8@google.com,7,プライマリ,no,no,no,,高円寺HIGH,"「AQ&0番線と夜明け前 共同企画""永久番線""」","【イベント】AQ&0番線と夜明け前 共同企画""永久番線""",2026-08-17.txt
2025-11-14,20:30,19:00,5lffu6p55t51llnf3obmps2d3d@google.com,1,SE,yes,no,no,,新宿MARZ,UNIVERSE企画『NEW ORDER』,【イベント】UNIVERSE企画『NEW ORDER』,2026-08-17.txt
2025-11-14,20:30,19:00,5lffu6p55t51llnf3obmps2d3d@google.com,2,プライマリ,no,no,no,,新宿MARZ,UNIVERSE企画『NEW ORDER』,【イベント】UNIVERSE企画『NEW ORDER』,2026-08-17.txt
2025-11-14,20:30,19:00,5lffu6p55t51llnf3obmps2d3d@google.com,3,Blooming,no,no,no,,新宿MARZ,UNIVERSE企画『NEW ORDER』,【イベント】UNIVERSE企画『NEW ORDER』,2026-08-17.txt
2025-11-14,20:30,19:00,5lffu6p55t51llnf3obmps2d3d@google.com,4,Moving Lights!,no,no,no,,新宿MARZ,UNIVERSE企画『NEW ORDER』,【イベント】UNIVERSE企画『NEW ORDER』,2026-08-17.txt
2025-11-14,20:30,19:00,5lffu6p55t51llnf3obmps2d3d@google.com,5,ルミナス,no,no,no,,新宿MARZ,UNIVERSE企画『NEW ORDER』,【イベント】UNIVERSE企画『NEW ORDER』,2026-08-17.txt
2025-11-14,20:30,19:00,5lffu6p55t51llnf3obmps2d3d@google.com,6,朝焼けと車窓,no,no,no,,新宿MARZ,UNIVERSE企画『NEW ORDER』,【イベント】UNIVERSE企画『NEW ORDER』,2026-08-17.txt
2025-11-14,20:30,19:00,5lffu6p55t51llnf3obmps2d3d@google.com,7,"Dear,History",no,no,no,,新宿MARZ,UNIVERSE企画『NEW ORDER』,【イベント】UNIVERSE企画『NEW ORDER』,2026-08-17.txt
2025-11-16,13:00,11:30,4p3b5fdah8igfrmsd8t4cpbcpv@google.com,1,SE,yes,no,no,,Flowers Loft,『アネモネ』,【イベント】『アネモネ』,2026-08-17.txt
2025-11-16,13:00,11:30,4p3b5fdah8igfrmsd8t4cpbcpv@google.com,2,Blooming,no,no,no,,Flowers Loft,『アネモネ』,【イベント】『アネモネ』,2026-08-17.txt
2025-11-16,13:00,11:30,4p3b5fdah8igfrmsd8t4cpbcpv@google.com,3,Moving Lights!,no,no,no,,Flowers Loft,『アネモネ』,【イベント】『アネモネ』,2026-08-17.txt
2025-11-16,13:00,11:30,4p3b5fdah8igfrmsd8t4cpbcpv@google.com,4,ルミナス,no,no,no,,Flowers Loft,『アネモネ』,【イベント】『アネモネ』,2026-08-17.txt
2025-11-16,13:00,11:30,4p3b5fdah8igfrmsd8t4cpbcpv@google.com,5,"Dear,History",no,no,no,,Flowers Loft,『アネモネ』,【イベント】『アネモネ』,2026-08-17.txt
2025-11-16,13:00,11:30,4p3b5fdah8igfrmsd8t4cpbcpv@google.com,6,朝焼けと車窓,no,no,no,,Flowers Loft,『アネモネ』,【イベント】『アネモネ』,2026-08-17.txt
2025-11-16,13:00,11:30,4p3b5fdah8igfrmsd8t4cpbcpv@google.com,7,プライマリ,no,no,no,,Flowers Loft,『アネモネ』,【イベント】『アネモネ』,2026-08-17.txt
2025-11-22,11:45,09:10,2hih7e5imrucg8gev67ju41dr6@google.com,1,SE,yes,no,no,,新宿LOFT,『ともだちFES 2025』,【イベント】『ともだちFES 2025』,2026-08-17.txt
2025-11-22,11:45,09:10,2hih7e5imrucg8gev67ju41dr6@google.com,2,プライマリ,no,no,no,,新宿LOFT,『ともだちFES 2025』,【イベント】『ともだちFES 2025』,2026-08-17.txt
2025-11-22,11:45,09:10,2hih7e5imrucg8gev67ju41dr6@google.com,3,Moving Lights!,no,no,no,,新宿LOFT,『ともだちFES 2025』,【イベント】『ともだちFES 2025』,2026-08-17.txt
2025-11-22,11:45,09:10,2hih7e5imrucg8gev67ju41dr6@google.com,4,ルミナス,no,no,no,,新宿LOFT,『ともだちFES 2025』,【イベント】『ともだちFES 2025』,2026-08-17.txt
2025-11-22,11:45,09:10,2hih7e5imrucg8gev67ju41dr6@google.com,5,朝焼けと車窓,no,no,no,,新宿LOFT,『ともだちFES 2025』,【イベント】『ともだちFES 2025』,2026-08-17.txt
2025-11-22,11:45,09:10,2hih7e5imrucg8gev67ju41dr6@google.com,6,"Dear,History",no,no,no,,新宿LOFT,『ともだちFES 2025』,【イベント】『ともだちFES 2025』,2026-08-17.txt
2025-11-23,10:30,11:00,4o56fpt8n68qeej666nckv5d79@google.com,1,SE,yes,no,no,,Spotify O-Crest,『NEW AGE EMO MUGEN -DAY-』,【イベント】『NEW AGE EMO MUGEN -DAY-』,2026-08-17.txt
2025-11-23,10:30,11:00,4o56fpt8n68qeej666nckv5d79@google.com,2,"Dear,History",no,no,no,,Spotify O-Crest,『NEW AGE EMO MUGEN -DAY-』,【イベント】『NEW AGE EMO MUGEN -DAY-』,2026-08-17.txt
2025-11-23,10:30,11:00,4o56fpt8n68qeej666nckv5d79@google.com,3,Blooming,no,no,no,,Spotify O-Crest,『NEW AGE EMO MUGEN -DAY-』,【イベント】『NEW AGE EMO MUGEN -DAY-』,2026-08-17.txt
2025-11-23,10:30,11:00,4o56fpt8n68qeej666nckv5d79@google.com,4,Moving Lights!,no,no,no,,Spotify O-Crest,『NEW AGE EMO MUGEN -DAY-』,【イベント】『NEW AGE EMO MUGEN -DAY-』,2026-08-17.txt
2025-11-23,10:30,11:00,4o56fpt8n68qeej666nckv5d79@google.com,5,朝焼けと車窓,no,no,no,,Spotify O-Crest,『NEW AGE EMO MUGEN -DAY-』,【イベント】『NEW AGE EMO MUGEN -DAY-』,2026-08-17.txt
2025-11-23,10:30,11:00,4o56fpt8n68qeej666nckv5d79@google.com,6,ルミナス,no,no,no,,Spotify O-Crest,『NEW AGE EMO MUGEN -DAY-』,【イベント】『NEW AGE EMO MUGEN -DAY-』,2026-08-17.txt
2025-11-24,12:10,11:20,72brvb1htocru71irumhbpvs81@google.com,1,SE,yes,no,no,,下北沢MOSAiC,Drawry.主催イベント「build a family vol.1」,【イベント】Drawry.主催イベント「build a family vol.1」,2026-08-17.txt
2025-11-24,12:10,11:20,72brvb1htocru71irumhbpvs81@google.com,2,"Dear,History",no,no,no,,下北沢MOSAiC,Drawry.主催イベント「build a family vol.1」,【イベント】Drawry.主催イベント「build a family vol.1」,2026-08-17.txt
2025-11-24,12:10,11:20,72brvb1htocru71irumhbpvs81@google.com,3,Blooming,no,no,no,,下北沢MOSAiC,Drawry.主催イベント「build a family vol.1」,【イベント】Drawry.主催イベント「build a family vol.1」,2026-08-17.txt
2025-11-24,12:10,11:20,72brvb1htocru71irumhbpvs81@google.com,4,ラブストーリーが始まらない,no,no,no,新曲,下北沢MOSAiC,Drawry.主催イベント「build a family vol.1」,【イベント】Drawry.主催イベント「build a family vol.1」,2026-08-17.txt
2025-11-24,12:10,11:20,72brvb1htocru71irumhbpvs81@google.com,5,朝焼けと車窓,no,no,no,,下北沢MOSAiC,Drawry.主催イベント「build a family vol.1」,【イベント】Drawry.主催イベント「build a family vol.1」,2026-08-17.txt
2025-11-24,12:10,11:20,72brvb1htocru71irumhbpvs81@google.com,6,ルミナス,no,no,no,,下北沢MOSAiC,Drawry.主催イベント「build a family vol.1」,【イベント】Drawry.主催イベント「build a family vol.1」,2026-08-17.txt
2025-11-24,12:10,11:20,72brvb1htocru71irumhbpvs81@google.com,7,プライマリ,no,no,no,,下北沢MOSAiC,Drawry.主催イベント「build a family vol.1」,【イベント】Drawry.主催イベント「build a family vol.1」,2026-08-17.txt
2025-11-29,16:00,10:00,03o9pqn7mrmkdp50651te81p9h@google.com,1,SE,yes,no,no,,ベルサール渋谷ガーデン,TIF学園 「学園祭」秋,【イベント】TIF学園 「学園祭」秋,2026-08-17.txt
2025-11-29,16:00,10:00,03o9pqn7mrmkdp50651te81p9h@google.com,2,ラブストーリーが始まらない,no,no,no,,ベルサール渋谷ガーデン,TIF学園 「学園祭」秋,【イベント】TIF学園 「学園祭」秋,2026-08-17.txt
2025-11-29,16:00,10:00,03o9pqn7mrmkdp50651te81p9h@google.com,3,ルミナス,no,no,no,,ベルサール渋谷ガーデン,TIF学園 「学園祭」秋,【イベント】TIF学園 「学園祭」秋,2026-08-17.txt
2025-11-29,16:00,10:00,03o9pqn7mrmkdp50651te81p9h@google.com,4,朝焼けと車窓,no,no,no,,ベルサール渋谷ガーデン,TIF学園 「学園祭」秋,【イベント】TIF学園 「学園祭」秋,2026-08-17.txt
2025-11-29,16:00,10:00,03o9pqn7mrmkdp50651te81p9h@google.com,5,"Dear,History",no,no,no,,ベルサール渋谷ガーデン,TIF学園 「学園祭」秋,【イベント】TIF学園 「学園祭」秋,2026-08-17.txt
2025-11-30,12:10,11:45,06ots1h65f2k9qs9i12riqtrsg@google.com,1,SE(Moving Lights!),yes,no,no,,SUPERNOVA KAWASAKI,『BUNFES Vol.3』,【イベント】『BUNFES Vol.3』,2026-08-17.txt
2025-11-30,12:10,11:45,06ots1h65f2k9qs9i12riqtrsg@google.com,2,Moving Lights!,no,no,no,,SUPERNOVA KAWASAKI,『BUNFES Vol.3』,【イベント】『BUNFES Vol.3』,2026-08-17.txt
2025-11-30,12:10,11:45,06ots1h65f2k9qs9i12riqtrsg@google.com,3,Blooming,no,no,no,,SUPERNOVA KAWASAKI,『BUNFES Vol.3』,【イベント】『BUNFES Vol.3』,2026-08-17.txt
2025-11-30,12:10,11:45,06ots1h65f2k9qs9i12riqtrsg@google.com,4,ラブストーリーが始まらない,no,no,no,,SUPERNOVA KAWASAKI,『BUNFES Vol.3』,【イベント】『BUNFES Vol.3』,2026-08-17.txt
2025-11-30,12:10,11:45,06ots1h65f2k9qs9i12riqtrsg@google.com,5,朝焼けと車窓,no,no,no,,SUPERNOVA KAWASAKI,『BUNFES Vol.3』,【イベント】『BUNFES Vol.3』,2026-08-17.txt
2025-11-30,12:10,11:45,06ots1h65f2k9qs9i12riqtrsg@google.com,6,"Dear,History",no,no,no,,SUPERNOVA KAWASAKI,『BUNFES Vol.3』,【イベント】『BUNFES Vol.3』,2026-08-17.txt
2025-11-30,18:05,17:15,7mb51mgsr5jaumf25bkgbdhjes@google.com,1,SE,yes,no,no,,四谷LOTUS,INFINITY LIVE presents『Princeism』,【イベント】INFINITY LIVE presents『Princeism』,2026-08-17.txt
2025-11-30,18:05,17:15,7mb51mgsr5jaumf25bkgbdhjes@google.com,2,"Dear,History",no,no,no,,四谷LOTUS,INFINITY LIVE presents『Princeism』,【イベント】INFINITY LIVE presents『Princeism』,2026-08-17.txt
2025-11-30,18:05,17:15,7mb51mgsr5jaumf25bkgbdhjes@google.com,3,Moving Lights!,no,no,no,,四谷LOTUS,INFINITY LIVE presents『Princeism』,【イベント】INFINITY LIVE presents『Princeism』,2026-08-17.txt
2025-11-30,18:05,17:15,7mb51mgsr5jaumf25bkgbdhjes@google.com,4,ルミナス,no,no,no,,四谷LOTUS,INFINITY LIVE presents『Princeism』,【イベント】INFINITY LIVE presents『Princeism』,2026-08-17.txt
2025-11-30,18:05,17:15,7mb51mgsr5jaumf25bkgbdhjes@google.com,5,朝焼けと車窓,no,no,no,,四谷LOTUS,INFINITY LIVE presents『Princeism』,【イベント】INFINITY LIVE presents『Princeism』,2026-08-17.txt
2025-11-30,18:05,17:15,7mb51mgsr5jaumf25bkgbdhjes@google.com,6,プライマリ,no,no,no,,四谷LOTUS,INFINITY LIVE presents『Princeism』,【イベント】INFINITY LIVE presents『Princeism』,2026-08-17.txt
2025-12-01,17:40,17:30,74lgh1lr5flp7tvc7maj49238q@google.com,1,SE,yes,no,no,,渋谷WOMB,"AFTERS PRESENTS. 「Hey, nuts buddy!」","【イベント】『AFTERS PRESENTS. 「Hey, nuts buddy!」』",2026-08-17.txt
2025-12-01,17:40,17:30,74lgh1lr5flp7tvc7maj49238q@google.com,2,"Dear,History",no,no,no,,渋谷WOMB,"AFTERS PRESENTS. 「Hey, nuts buddy!」","【イベント】『AFTERS PRESENTS. 「Hey, nuts buddy!」』",2026-08-17.txt
2025-12-01,17:40,17:30,74lgh1lr5flp7tvc7maj49238q@google.com,3,Blooming,no,no,no,,渋谷WOMB,"AFTERS PRESENTS. 「Hey, nuts buddy!」","【イベント】『AFTERS PRESENTS. 「Hey, nuts buddy!」』",2026-08-17.txt
2025-12-01,17:40,17:30,74lgh1lr5flp7tvc7maj49238q@google.com,4,ラブストーリーが始まらない,no,no,no,,渋谷WOMB,"AFTERS PRESENTS. 「Hey, nuts buddy!」","【イベント】『AFTERS PRESENTS. 「Hey, nuts buddy!」』",2026-08-17.txt
2025-12-01,17:40,17:30,74lgh1lr5flp7tvc7maj49238q@google.com,5,Moving Lights!,no,no,no,,渋谷WOMB,"AFTERS PRESENTS. 「Hey, nuts buddy!」","【イベント】『AFTERS PRESENTS. 「Hey, nuts buddy!」』",2026-08-17.txt
2025-12-01,17:40,17:30,74lgh1lr5flp7tvc7maj49238q@google.com,6,ルミナス,no,no,no,,渋谷WOMB,"AFTERS PRESENTS. 「Hey, nuts buddy!」","【イベント】『AFTERS PRESENTS. 「Hey, nuts buddy!」』",2026-08-17.txt
2025-12-01,17:40,17:30,74lgh1lr5flp7tvc7maj49238q@google.com,7,朝焼けと車窓,no,no,no,,渋谷WOMB,"AFTERS PRESENTS. 「Hey, nuts buddy!」","【イベント】『AFTERS PRESENTS. 「Hey, nuts buddy!」』",2026-08-17.txt
2025-12-06,18:40,16:00,5q145r1lknr22695ok9snsls7p@google.com,1,SE,yes,no,no,,SHIBUYA RING,『澀谷環狀空間』,【イベント】『澀谷環狀空間』,2026-08-17.txt
2025-12-06,18:40,16:00,5q145r1lknr22695ok9snsls7p@google.com,2,プライマリ,no,no,no,,SHIBUYA RING,『澀谷環狀空間』,【イベント】『澀谷環狀空間』,2026-08-17.txt
2025-12-06,18:40,16:00,5q145r1lknr22695ok9snsls7p@google.com,3,ラブストーリーが始まらない,no,no,no,,SHIBUYA RING,『澀谷環狀空間』,【イベント】『澀谷環狀空間』,2026-08-17.txt
2025-12-06,18:40,16:00,5q145r1lknr22695ok9snsls7p@google.com,4,ルミナス,no,no,no,,SHIBUYA RING,『澀谷環狀空間』,【イベント】『澀谷環狀空間』,2026-08-17.txt
2025-12-06,18:40,16:00,5q145r1lknr22695ok9snsls7p@google.com,5,朝焼けと車窓,no,no,no,,SHIBUYA RING,『澀谷環狀空間』,【イベント】『澀谷環狀空間』,2026-08-17.txt
2025-12-06,18:40,16:00,5q145r1lknr22695ok9snsls7p@google.com,6,"Dear,History",no,no,no,,SHIBUYA RING,『澀谷環狀空間』,【イベント】『澀谷環狀空間』,2026-08-17.txt
2025-12-08,19:30,19:00,1ldlruj85luujlqjfimsl84qv4@google.com,1,SE,yes,no,no,,新宿MARZ,SHINJUKUMARZ 24th Anniversary UNIVERSE企画『NEW ORDER #無銭NIGHT』,【イベント】SHINJUKUMARZ 24th Anniversary UNIVERSE企画『NEW ORDER #無銭NIGHT』,2026-08-17.txt
2025-12-08,19:30,19:00,1ldlruj85luujlqjfimsl84qv4@google.com,2,"Dear,History",no,no,no,,新宿MARZ,SHINJUKUMARZ 24th Anniversary UNIVERSE企画『NEW ORDER #無銭NIGHT』,【イベント】SHINJUKUMARZ 24th Anniversary UNIVERSE企画『NEW ORDER #無銭NIGHT』,2026-08-17.txt
2025-12-08,19:30,19:00,1ldlruj85luujlqjfimsl84qv4@google.com,3,Blooming,no,no,no,,新宿MARZ,SHINJUKUMARZ 24th Anniversary UNIVERSE企画『NEW ORDER #無銭NIGHT』,【イベント】SHINJUKUMARZ 24th Anniversary UNIVERSE企画『NEW ORDER #無銭NIGHT』,2026-08-17.txt
2025-12-08,19:30,19:00,1ldlruj85luujlqjfimsl84qv4@google.com,4,ラブストーリーが始まらない,no,no,no,,新宿MARZ,SHINJUKUMARZ 24th Anniversary UNIVERSE企画『NEW ORDER #無銭NIGHT』,【イベント】SHINJUKUMARZ 24th Anniversary UNIVERSE企画『NEW ORDER #無銭NIGHT』,2026-08-17.txt
2025-12-08,19:30,19:00,1ldlruj85luujlqjfimsl84qv4@google.com,5,Moving Lights!,no,no,no,,新宿MARZ,SHINJUKUMARZ 24th Anniversary UNIVERSE企画『NEW ORDER #無銭NIGHT』,【イベント】SHINJUKUMARZ 24th Anniversary UNIVERSE企画『NEW ORDER #無銭NIGHT』,2026-08-17.txt
2025-12-08,19:30,19:00,1ldlruj85luujlqjfimsl84qv4@google.com,6,ルミナス,no,no,no,,新宿MARZ,SHINJUKUMARZ 24th Anniversary UNIVERSE企画『NEW ORDER #無銭NIGHT』,【イベント】SHINJUKUMARZ 24th Anniversary UNIVERSE企画『NEW ORDER #無銭NIGHT』,2026-08-17.txt
2025-12-08,19:30,19:00,1ldlruj85luujlqjfimsl84qv4@google.com,7,朝焼けと車窓,no,no,no,,新宿MARZ,SHINJUKUMARZ 24th Anniversary UNIVERSE企画『NEW ORDER #無銭NIGHT』,【イベント】SHINJUKUMARZ 24th Anniversary UNIVERSE企画『NEW ORDER #無銭NIGHT』,2026-08-17.txt
2025-12-08,19:30,19:00,1ldlruj85luujlqjfimsl84qv4@google.com,8,プライマリ,no,no,no,,新宿MARZ,SHINJUKUMARZ 24th Anniversary UNIVERSE企画『NEW ORDER #無銭NIGHT』,【イベント】SHINJUKUMARZ 24th Anniversary UNIVERSE企画『NEW ORDER #無銭NIGHT』,2026-08-17.txt
2025-12-13,18:15,17:00,19t30atdobhrjs68q5j7idngrk@google.com,1,SE,yes,no,no,,下北沢MOSAiC,INFINITY LIVE presents 『WHITEDAYS』,【イベント】INFINITY LIVE presents 『WHITEDAYS』,2026-08-17.txt
2025-12-13,18:15,17:00,19t30atdobhrjs68q5j7idngrk@google.com,2,ラブストーリーが始まらない,no,no,no,,下北沢MOSAiC,INFINITY LIVE presents 『WHITEDAYS』,【イベント】INFINITY LIVE presents 『WHITEDAYS』,2026-08-17.txt
2025-12-13,18:15,17:00,19t30atdobhrjs68q5j7idngrk@google.com,3,Blooming,no,no,no,,下北沢MOSAiC,INFINITY LIVE presents 『WHITEDAYS』,【イベント】INFINITY LIVE presents 『WHITEDAYS』,2026-08-17.txt
2025-12-13,18:15,17:00,19t30atdobhrjs68q5j7idngrk@google.com,4,ルミナス,no,no,no,,下北沢MOSAiC,INFINITY LIVE presents 『WHITEDAYS』,【イベント】INFINITY LIVE presents 『WHITEDAYS』,2026-08-17.txt
2025-12-13,18:15,17:00,19t30atdobhrjs68q5j7idngrk@google.com,5,朝焼けと車窓,no,no,no,,下北沢MOSAiC,INFINITY LIVE presents 『WHITEDAYS』,【イベント】INFINITY LIVE presents 『WHITEDAYS』,2026-08-17.txt
2025-12-13,18:15,17:00,19t30atdobhrjs68q5j7idngrk@google.com,6,"Dear,History",no,no,no,,下北沢MOSAiC,INFINITY LIVE presents 『WHITEDAYS』,【イベント】INFINITY LIVE presents 『WHITEDAYS』,2026-08-17.txt
2025-12-14,12:30,12:00,2u17onaqc4ps4nrlplgm6nfd3h@google.com,1,SE,yes,no,no,,表参道GROUND,『TOKYO BEATREC』,【イベント】『TOKYO BEATREC』,2026-08-17.txt
2025-12-14,12:30,12:00,2u17onaqc4ps4nrlplgm6nfd3h@google.com,2,"Dear,History",no,no,no,,表参道GROUND,『TOKYO BEATREC』,【イベント】『TOKYO BEATREC』,2026-08-17.txt
2025-12-14,12:30,12:00,2u17onaqc4ps4nrlplgm6nfd3h@google.com,3,Blooming,no,no,no,,表参道GROUND,『TOKYO BEATREC』,【イベント】『TOKYO BEATREC』,2026-08-17.txt
2025-12-14,12:30,12:00,2u17onaqc4ps4nrlplgm6nfd3h@google.com,4,ラブストーリーが始まらない,no,no,no,,表参道GROUND,『TOKYO BEATREC』,【イベント】『TOKYO BEATREC』,2026-08-17.txt
2025-12-14,12:30,12:00,2u17onaqc4ps4nrlplgm6nfd3h@google.com,5,Moving Lights!,no,no,no,,表参道GROUND,『TOKYO BEATREC』,【イベント】『TOKYO BEATREC』,2026-08-17.txt
2025-12-14,12:30,12:00,2u17onaqc4ps4nrlplgm6nfd3h@google.com,6,朝焼けと車窓,no,no,no,,表参道GROUND,『TOKYO BEATREC』,【イベント】『TOKYO BEATREC』,2026-08-17.txt
2025-12-14,12:30,12:00,2u17onaqc4ps4nrlplgm6nfd3h@google.com,7,ルミナス,no,no,no,,表参道GROUND,『TOKYO BEATREC』,【イベント】『TOKYO BEATREC』,2026-08-17.txt
2025-12-14,12:30,12:00,2u17onaqc4ps4nrlplgm6nfd3h@google.com,8,プライマリ,no,no,no,,表参道GROUND,『TOKYO BEATREC』,【イベント】『TOKYO BEATREC』,2026-08-17.txt
2025-12-20,12:20,11:30,77lv07toepr1cip9pr6o8dvjfa@google.com,1,SE(Moving Lights!),yes,no,no,,青山RizM,脱却presents【 BREAKING RizMVol.1】,【イベント】脱却presents BREAKING RizMVol.1,2026-08-17.txt
2025-12-20,12:20,11:30,77lv07toepr1cip9pr6o8dvjfa@google.com,2,Moving Lights!,no,no,no,,青山RizM,脱却presents【 BREAKING RizMVol.1】,【イベント】脱却presents BREAKING RizMVol.1,2026-08-17.txt
2025-12-20,12:20,11:30,77lv07toepr1cip9pr6o8dvjfa@google.com,3,Blooming,no,no,no,,青山RizM,脱却presents【 BREAKING RizMVol.1】,【イベント】脱却presents BREAKING RizMVol.1,2026-08-17.txt
2025-12-20,12:20,11:30,77lv07toepr1cip9pr6o8dvjfa@google.com,4,ラブストーリーが始まらない,no,no,no,,青山RizM,脱却presents【 BREAKING RizMVol.1】,【イベント】脱却presents BREAKING RizMVol.1,2026-08-17.txt
2025-12-20,12:20,11:30,77lv07toepr1cip9pr6o8dvjfa@google.com,5,ルミナス,no,no,no,,青山RizM,脱却presents【 BREAKING RizMVol.1】,【イベント】脱却presents BREAKING RizMVol.1,2026-08-17.txt
2025-12-20,12:20,11:30,77lv07toepr1cip9pr6o8dvjfa@google.com,6,朝焼けと車窓,no,no,no,,青山RizM,脱却presents【 BREAKING RizMVol.1】,【イベント】脱却presents BREAKING RizMVol.1,2026-08-17.txt
2025-12-20,12:20,11:30,77lv07toepr1cip9pr6o8dvjfa@google.com,7,"Dear,History",no,no,no,,青山RizM,脱却presents【 BREAKING RizMVol.1】,【イベント】脱却presents BREAKING RizMVol.1,2026-08-17.txt
2025-12-20,16:45,11:30,378rcno6pgujok9d0i4g46qpvu@google.com,1,SE,yes,no,no,,下北沢ADRIFT,NEW AGE  ＋ HASYAGE JAPAN 2025 忘年会『ニューハシャゲ』,【イベント】NEW AGE  ＋ HASYAGE JAPAN 2025 忘年会 『ニューハシャゲ』,2026-08-17.txt
2025-12-20,16:45,11:30,378rcno6pgujok9d0i4g46qpvu@google.com,2,プライマリ,no,no,no,,下北沢ADRIFT,NEW AGE  ＋ HASYAGE JAPAN 2025 忘年会『ニューハシャゲ』,【イベント】NEW AGE  ＋ HASYAGE JAPAN 2025 忘年会 『ニューハシャゲ』,2026-08-17.txt
2025-12-20,16:45,11:30,378rcno6pgujok9d0i4g46qpvu@google.com,3,ラブストーリーが始まらない,no,no,no,,下北沢ADRIFT,NEW AGE  ＋ HASYAGE JAPAN 2025 忘年会『ニューハシャゲ』,【イベント】NEW AGE  ＋ HASYAGE JAPAN 2025 忘年会 『ニューハシャゲ』,2026-08-17.txt
2025-12-20,16:45,11:30,378rcno6pgujok9d0i4g46qpvu@google.com,4,Moving Lights!,no,no,no,,下北沢ADRIFT,NEW AGE  ＋ HASYAGE JAPAN 2025 忘年会『ニューハシャゲ』,【イベント】NEW AGE  ＋ HASYAGE JAPAN 2025 忘年会 『ニューハシャゲ』,2026-08-17.txt
2025-12-20,16:45,11:30,378rcno6pgujok9d0i4g46qpvu@google.com,5,朝焼けと車窓,no,no,no,,下北沢ADRIFT,NEW AGE  ＋ HASYAGE JAPAN 2025 忘年会『ニューハシャゲ』,【イベント】NEW AGE  ＋ HASYAGE JAPAN 2025 忘年会 『ニューハシャゲ』,2026-08-17.txt
2025-12-20,16:45,11:30,378rcno6pgujok9d0i4g46qpvu@google.com,6,ルミナス,no,no,no,,下北沢ADRIFT,NEW AGE  ＋ HASYAGE JAPAN 2025 忘年会『ニューハシャゲ』,【イベント】NEW AGE  ＋ HASYAGE JAPAN 2025 忘年会 『ニューハシャゲ』,2026-08-17.txt
2025-12-20,16:45,11:30,378rcno6pgujok9d0i4g46qpvu@google.com,7,"Dear,History",no,no,no,,下北沢ADRIFT,NEW AGE  ＋ HASYAGE JAPAN 2025 忘年会『ニューハシャゲ』,【イベント】NEW AGE  ＋ HASYAGE JAPAN 2025 忘年会 『ニューハシャゲ』,2026-08-17.txt
2025-12-21,12:40,12:00,5ifkesve1tb54c6mimpfm89pkh@google.com,1,SE,yes,no,no,,SHIBUYA CYCLONE,Drawry.主催イベント「都月ゆめ生誕」,【イベント】Drawry.主催イベント「都月ゆめ生誕」,2026-08-17.txt
2025-12-21,12:40,12:00,5ifkesve1tb54c6mimpfm89pkh@google.com,2,Blooming,no,no,no,,SHIBUYA CYCLONE,Drawry.主催イベント「都月ゆめ生誕」,【イベント】Drawry.主催イベント「都月ゆめ生誕」,2026-08-17.txt
2025-12-21,12:40,12:00,5ifkesve1tb54c6mimpfm89pkh@google.com,3,"Dear,History",no,no,no,,SHIBUYA CYCLONE,Drawry.主催イベント「都月ゆめ生誕」,【イベント】Drawry.主催イベント「都月ゆめ生誕」,2026-08-17.txt
2025-12-21,12:40,12:00,5ifkesve1tb54c6mimpfm89pkh@google.com,4,ラブストーリーが始まらない,no,no,no,,SHIBUYA CYCLONE,Drawry.主催イベント「都月ゆめ生誕」,【イベント】Drawry.主催イベント「都月ゆめ生誕」,2026-08-17.txt
2025-12-21,12:40,12:00,5ifkesve1tb54c6mimpfm89pkh@google.com,5,Moving Lights!,no,no,no,,SHIBUYA CYCLONE,Drawry.主催イベント「都月ゆめ生誕」,【イベント】Drawry.主催イベント「都月ゆめ生誕」,2026-08-17.txt
2025-12-21,12:40,12:00,5ifkesve1tb54c6mimpfm89pkh@google.com,6,ルミナス,no,no,no,,SHIBUYA CYCLONE,Drawry.主催イベント「都月ゆめ生誕」,【イベント】Drawry.主催イベント「都月ゆめ生誕」,2026-08-17.txt
2025-12-21,12:40,12:00,5ifkesve1tb54c6mimpfm89pkh@google.com,7,プライマリ,no,no,no,拡張イントロver.,SHIBUYA CYCLONE,Drawry.主催イベント「都月ゆめ生誕」,【イベント】Drawry.主催イベント「都月ゆめ生誕」,2026-08-17.txt
2025-12-21,12:40,12:00,5ifkesve1tb54c6mimpfm89pkh@google.com,8,朝焼けと車窓,no,no,yes,,SHIBUYA CYCLONE,Drawry.主催イベント「都月ゆめ生誕」,【イベント】Drawry.主催イベント「都月ゆめ生誕」,2026-08-17.txt
2025-12-25,18:45,16:45,2l7kpfok8o4n8uipouet57utak@google.com,1,SE(Moving Lights!),yes,no,no,,Flowers Loft,INFINITY LIVE presents『ASTROFES 2025 - Xmas Circuit - 』,【イベント】INFINITY LIVE presents 『ASTROFES 2025 - Xmas Circuit - 』,2026-08-17.txt
2025-12-25,18:45,16:45,2l7kpfok8o4n8uipouet57utak@google.com,2,Moving Lights!,no,no,no,,Flowers Loft,INFINITY LIVE presents『ASTROFES 2025 - Xmas Circuit - 』,【イベント】INFINITY LIVE presents 『ASTROFES 2025 - Xmas Circuit - 』,2026-08-17.txt
2025-12-25,18:45,16:45,2l7kpfok8o4n8uipouet57utak@google.com,3,ラブストーリーが始まらない,no,no,no,,Flowers Loft,INFINITY LIVE presents『ASTROFES 2025 - Xmas Circuit - 』,【イベント】INFINITY LIVE presents 『ASTROFES 2025 - Xmas Circuit - 』,2026-08-17.txt
2025-12-25,18:45,16:45,2l7kpfok8o4n8uipouet57utak@google.com,4,"Dear,History",no,no,no,,Flowers Loft,INFINITY LIVE presents『ASTROFES 2025 - Xmas Circuit - 』,【イベント】INFINITY LIVE presents 『ASTROFES 2025 - Xmas Circuit - 』,2026-08-17.txt
2025-12-25,18:45,16:45,2l7kpfok8o4n8uipouet57utak@google.com,5,朝焼けと車窓,no,no,no,,Flowers Loft,INFINITY LIVE presents『ASTROFES 2025 - Xmas Circuit - 』,【イベント】INFINITY LIVE presents 『ASTROFES 2025 - Xmas Circuit - 』,2026-08-17.txt
2025-12-25,18:45,16:45,2l7kpfok8o4n8uipouet57utak@google.com,6,ルミナス,no,no,no,,Flowers Loft,INFINITY LIVE presents『ASTROFES 2025 - Xmas Circuit - 』,【イベント】INFINITY LIVE presents 『ASTROFES 2025 - Xmas Circuit - 』,2026-08-17.txt
2025-12-25,18:45,16:45,2l7kpfok8o4n8uipouet57utak@google.com,7,プライマリ,no,no,no,,Flowers Loft,INFINITY LIVE presents『ASTROFES 2025 - Xmas Circuit - 』,【イベント】INFINITY LIVE presents 『ASTROFES 2025 - Xmas Circuit - 』,2026-08-17.txt
2025-12-28,20:00,11:15,4ogp5lilimf7qgf79pm29nkts4@google.com,1,"Dear,History",no,no,no,,DESEO mini with VILLAGE VANGUARD,「LEADING PREMIUM 年末感謝祭'25」,【イベント】「LEADING PREMIUM 年末感謝祭'25」,2026-08-17.txt
2025-12-28,20:00,11:15,4ogp5lilimf7qgf79pm29nkts4@google.com,2,Blooming,no,no,no,,DESEO mini with VILLAGE VANGUARD,「LEADING PREMIUM 年末感謝祭'25」,【イベント】「LEADING PREMIUM 年末感謝祭'25」,2026-08-17.txt
2025-12-28,20:00,11:15,4ogp5lilimf7qgf79pm29nkts4@google.com,3,ラブストーリーが始まらない,no,no,no,,DESEO mini with VILLAGE VANGUARD,「LEADING PREMIUM 年末感謝祭'25」,【イベント】「LEADING PREMIUM 年末感謝祭'25」,2026-08-17.txt
2025-12-28,20:00,11:15,4ogp5lilimf7qgf79pm29nkts4@google.com,4,ルミナス,no,no,no,,DESEO mini with VILLAGE VANGUARD,「LEADING PREMIUM 年末感謝祭'25」,【イベント】「LEADING PREMIUM 年末感謝祭'25」,2026-08-17.txt
2025-12-28,20:00,11:15,4ogp5lilimf7qgf79pm29nkts4@google.com,5,朝焼けと車窓,no,no,no,,DESEO mini with VILLAGE VANGUARD,「LEADING PREMIUM 年末感謝祭'25」,【イベント】「LEADING PREMIUM 年末感謝祭'25」,2026-08-17.txt
2025-12-29,16:05,11:45,6af9jc7mtslvh66ud80irfr95l@google.com,1,SE,yes,no,no,,YOANI LIVE STATION,『有田祭〜年末スペシャル〜』,【イベント】『有田祭〜年末スペシャル〜』,2026-08-17.txt
2025-12-29,16:05,11:45,6af9jc7mtslvh66ud80irfr95l@google.com,2,Moving Lights!,no,no,no,,YOANI LIVE STATION,『有田祭〜年末スペシャル〜』,【イベント】『有田祭〜年末スペシャル〜』,2026-08-17.txt
2025-12-29,16:05,11:45,6af9jc7mtslvh66ud80irfr95l@google.com,3,Blooming,no,no,no,,YOANI LIVE STATION,『有田祭〜年末スペシャル〜』,【イベント】『有田祭〜年末スペシャル〜』,2026-08-17.txt
2025-12-29,16:05,11:45,6af9jc7mtslvh66ud80irfr95l@google.com,4,ラブストーリーが始まらない,no,no,no,,YOANI LIVE STATION,『有田祭〜年末スペシャル〜』,【イベント】『有田祭〜年末スペシャル〜』,2026-08-17.txt
2025-12-29,16:05,11:45,6af9jc7mtslvh66ud80irfr95l@google.com,5,朝焼けと車窓,no,no,no,,YOANI LIVE STATION,『有田祭〜年末スペシャル〜』,【イベント】『有田祭〜年末スペシャル〜』,2026-08-17.txt
2025-12-29,16:05,11:45,6af9jc7mtslvh66ud80irfr95l@google.com,6,ルミナス,no,no,no,,YOANI LIVE STATION,『有田祭〜年末スペシャル〜』,【イベント】『有田祭〜年末スペシャル〜』,2026-08-17.txt
2025-12-29,16:05,11:45,6af9jc7mtslvh66ud80irfr95l@google.com,7,"Dear,History",no,no,no,,YOANI LIVE STATION,『有田祭〜年末スペシャル〜』,【イベント】『有田祭〜年末スペシャル〜』,2026-08-17.txt
2025-12-30,17:00,17:00,76jjdl3suu0ld2v6g5s954igd1@google.com,1,"Dear,History",no,no,no,,大塚Hearts+,日ノ目企画presents“TUESDAYFLIGHT”,【イベント】日ノ目企画presents“TUESDAYFLIGHT”,2026-08-17.txt
2025-12-30,17:00,17:00,76jjdl3suu0ld2v6g5s954igd1@google.com,2,Blooming,no,no,no,,大塚Hearts+,日ノ目企画presents“TUESDAYFLIGHT”,【イベント】日ノ目企画presents“TUESDAYFLIGHT”,2026-08-17.txt
2025-12-30,17:00,17:00,76jjdl3suu0ld2v6g5s954igd1@google.com,3,ラブストーリーが始まらない,no,no,no,,大塚Hearts+,日ノ目企画presents“TUESDAYFLIGHT”,【イベント】日ノ目企画presents“TUESDAYFLIGHT”,2026-08-17.txt
2025-12-30,17:00,17:00,76jjdl3suu0ld2v6g5s954igd1@google.com,4,ルミナス,no,no,no,,大塚Hearts+,日ノ目企画presents“TUESDAYFLIGHT”,【イベント】日ノ目企画presents“TUESDAYFLIGHT”,2026-08-17.txt
2025-12-30,17:00,17:00,76jjdl3suu0ld2v6g5s954igd1@google.com,5,朝焼けと車窓,no,no,no,,大塚Hearts+,日ノ目企画presents“TUESDAYFLIGHT”,【イベント】日ノ目企画presents“TUESDAYFLIGHT”,2026-08-17.txt
2025-12-30,17:00,17:00,76jjdl3suu0ld2v6g5s954igd1@google.com,6,プライマリ,no,no,no,拡張イントロ,大塚Hearts+,日ノ目企画presents“TUESDAYFLIGHT”,【イベント】日ノ目企画presents“TUESDAYFLIGHT”,2026-08-17.txt
2025-12-31,14:35,11:30,4ku1go9r7pvtv573ro2c90tkpq@google.com,1,SE,yes,no,no,,下北沢シャングリラ,『NEW AGE 2025 FINAL COUNTDOWN』,【イベント】『NEW AGE 2025 FINAL COUNTDOWN』,2026-08-17.txt
2025-12-31,14:35,11:30,4ku1go9r7pvtv573ro2c90tkpq@google.com,2,"Dear,History",no,no,no,,下北沢シャングリラ,『NEW AGE 2025 FINAL COUNTDOWN』,【イベント】『NEW AGE 2025 FINAL COUNTDOWN』,2026-08-17.txt
2025-12-31,14:35,11:30,4ku1go9r7pvtv573ro2c90tkpq@google.com,3,Moving Lights!,no,no,no,,下北沢シャングリラ,『NEW AGE 2025 FINAL COUNTDOWN』,【イベント】『NEW AGE 2025 FINAL COUNTDOWN』,2026-08-17.txt
2025-12-31,14:35,11:30,4ku1go9r7pvtv573ro2c90tkpq@google.com,4,ラブストーリーが始まらない,no,no,no,,下北沢シャングリラ,『NEW AGE 2025 FINAL COUNTDOWN』,【イベント】『NEW AGE 2025 FINAL COUNTDOWN』,2026-08-17.txt
2025-12-31,14:35,11:30,4ku1go9r7pvtv573ro2c90tkpq@google.com,5,ルミナス,no,no,no,,下北沢シャングリラ,『NEW AGE 2025 FINAL COUNTDOWN』,【イベント】『NEW AGE 2025 FINAL COUNTDOWN』,2026-08-17.txt
2025-12-31,14:35,11:30,4ku1go9r7pvtv573ro2c90tkpq@google.com,6,朝焼けと車窓,no,no,no,,下北沢シャングリラ,『NEW AGE 2025 FINAL COUNTDOWN』,【イベント】『NEW AGE 2025 FINAL COUNTDOWN』,2026-08-17.txt
2025-12-31,14:35,11:30,4ku1go9r7pvtv573ro2c90tkpq@google.com,7,プライマリ,no,no,no,,下北沢シャングリラ,『NEW AGE 2025 FINAL COUNTDOWN』,【イベント】『NEW AGE 2025 FINAL COUNTDOWN』,2026-08-17.txt
2026-01-03,09:55,09:30,3vt395rm7pfuhtjb1sl6po7uqk@google.com,1,SE,yes,no,no,,Spotify O-WEST,「アイドル甲子園 in Spotify O-WEST」-DAY2-,【イベント】「アイドル甲子園 in Spotify O-WEST」-DAY2-,2026-08-17.txt
2026-01-03,09:55,09:30,3vt395rm7pfuhtjb1sl6po7uqk@google.com,2,"Dear,History",no,no,no,,Spotify O-WEST,「アイドル甲子園 in Spotify O-WEST」-DAY2-,【イベント】「アイドル甲子園 in Spotify O-WEST」-DAY2-,2026-08-17.txt
2026-01-03,09:55,09:30,3vt395rm7pfuhtjb1sl6po7uqk@google.com,3,朝焼けと車窓,no,no,no,,Spotify O-WEST,「アイドル甲子園 in Spotify O-WEST」-DAY2-,【イベント】「アイドル甲子園 in Spotify O-WEST」-DAY2-,2026-08-17.txt
2026-01-03,09:55,09:30,3vt395rm7pfuhtjb1sl6po7uqk@google.com,4,ラブストーリーが始まらない,no,no,no,,Spotify O-WEST,「アイドル甲子園 in Spotify O-WEST」-DAY2-,【イベント】「アイドル甲子園 in Spotify O-WEST」-DAY2-,2026-08-17.txt
2026-01-03,09:55,09:30,3vt395rm7pfuhtjb1sl6po7uqk@google.com,5,ルミナス,no,no,no,,Spotify O-WEST,「アイドル甲子園 in Spotify O-WEST」-DAY2-,【イベント】「アイドル甲子園 in Spotify O-WEST」-DAY2-,2026-08-17.txt
2026-01-03,09:55,09:30,3vt395rm7pfuhtjb1sl6po7uqk@google.com,6,プライマリ,no,no,no,,Spotify O-WEST,「アイドル甲子園 in Spotify O-WEST」-DAY2-,【イベント】「アイドル甲子園 in Spotify O-WEST」-DAY2-,2026-08-17.txt
2026-01-04,13:00,09:30,2ji18l0gcje4a22fnm8qo93599@google.com,1,SE(プライマリ),yes,no,no,,Spotify O-nest,「アイドル甲子園 in Spotify O-nest」 -DAY3-,【イベント】「アイドル甲子園 in Spotify O-nest」 -DAY3-,2026-08-17.txt
2026-01-04,13:00,09:30,2ji18l0gcje4a22fnm8qo93599@google.com,2,プライマリ,no,no,no,,Spotify O-nest,「アイドル甲子園 in Spotify O-nest」 -DAY3-,【イベント】「アイドル甲子園 in Spotify O-nest」 -DAY3-,2026-08-17.txt
2026-01-04,13:00,09:30,2ji18l0gcje4a22fnm8qo93599@google.com,3,Blooming,no,no,no,,Spotify O-nest,「アイドル甲子園 in Spotify O-nest」 -DAY3-,【イベント】「アイドル甲子園 in Spotify O-nest」 -DAY3-,2026-08-17.txt
2026-01-04,13:00,09:30,2ji18l0gcje4a22fnm8qo93599@google.com,4,Moving Lights!,no,no,no,,Spotify O-nest,「アイドル甲子園 in Spotify O-nest」 -DAY3-,【イベント】「アイドル甲子園 in Spotify O-nest」 -DAY3-,2026-08-17.txt
2026-01-04,13:00,09:30,2ji18l0gcje4a22fnm8qo93599@google.com,5,ルミナス,no,no,no,,Spotify O-nest,「アイドル甲子園 in Spotify O-nest」 -DAY3-,【イベント】「アイドル甲子園 in Spotify O-nest」 -DAY3-,2026-08-17.txt
2026-01-04,13:00,09:30,2ji18l0gcje4a22fnm8qo93599@google.com,6,朝焼けと車窓,no,no,no,,Spotify O-nest,「アイドル甲子園 in Spotify O-nest」 -DAY3-,【イベント】「アイドル甲子園 in Spotify O-nest」 -DAY3-,2026-08-17.txt
2026-01-04,13:00,09:30,2ji18l0gcje4a22fnm8qo93599@google.com,7,"Dear,History",no,no,no,,Spotify O-nest,「アイドル甲子園 in Spotify O-nest」 -DAY3-,【イベント】「アイドル甲子園 in Spotify O-nest」 -DAY3-,2026-08-17.txt
2026-01-07,19:30,19:00,57j0rohk6n0tpq7l95pcjh1tub@google.com,1,SE,yes,no,no,,新宿MARZ,SOVA presents 「Owl Nest10」,【イベント】SOVA presents 「Owl Nest10」,2026-08-17.txt
2026-01-07,19:30,19:00,57j0rohk6n0tpq7l95pcjh1tub@google.com,2,"Dear,History",no,no,no,,新宿MARZ,SOVA presents 「Owl Nest10」,【イベント】SOVA presents 「Owl Nest10」,2026-08-17.txt
2026-01-07,19:30,19:00,57j0rohk6n0tpq7l95pcjh1tub@google.com,3,Blooming,no,no,no,,新宿MARZ,SOVA presents 「Owl Nest10」,【イベント】SOVA presents 「Owl Nest10」,2026-08-17.txt
2026-01-07,19:30,19:00,57j0rohk6n0tpq7l95pcjh1tub@google.com,4,ラブストーリーが始まらない,no,no,no,,新宿MARZ,SOVA presents 「Owl Nest10」,【イベント】SOVA presents 「Owl Nest10」,2026-08-17.txt
2026-01-07,19:30,19:00,57j0rohk6n0tpq7l95pcjh1tub@google.com,5,Moving Lights!,no,no,no,,新宿MARZ,SOVA presents 「Owl Nest10」,【イベント】SOVA presents 「Owl Nest10」,2026-08-17.txt
2026-01-07,19:30,19:00,57j0rohk6n0tpq7l95pcjh1tub@google.com,6,ルミナス,no,no,no,,新宿MARZ,SOVA presents 「Owl Nest10」,【イベント】SOVA presents 「Owl Nest10」,2026-08-17.txt
2026-01-07,19:30,19:00,57j0rohk6n0tpq7l95pcjh1tub@google.com,7,朝焼けと車窓,no,no,no,,新宿MARZ,SOVA presents 「Owl Nest10」,【イベント】SOVA presents 「Owl Nest10」,2026-08-17.txt
2026-01-07,19:30,19:00,57j0rohk6n0tpq7l95pcjh1tub@google.com,8,プライマリ,no,no,no,拡張イントロ,新宿MARZ,SOVA presents 「Owl Nest10」,【イベント】SOVA presents 「Owl Nest10」,2026-08-17.txt
2026-01-09,19:30,19:00,1ub9j9mbgv7c714qm402np7rov@google.com,1,SE,yes,no,no,,新宿MARZ,UNIVERSE企画『NEW ORDER新春SP #無銭NIGHT』,【イベント】UNIVERSE企画『NEW ORDER新春SP #無銭NIGHT』,2026-08-17.txt
2026-01-09,19:30,19:00,1ub9j9mbgv7c714qm402np7rov@google.com,2,Moving Lights!,no,no,no,,新宿MARZ,UNIVERSE企画『NEW ORDER新春SP #無銭NIGHT』,【イベント】UNIVERSE企画『NEW ORDER新春SP #無銭NIGHT』,2026-08-17.txt
2026-01-09,19:30,19:00,1ub9j9mbgv7c714qm402np7rov@google.com,3,Blooming,no,no,no,,新宿MARZ,UNIVERSE企画『NEW ORDER新春SP #無銭NIGHT』,【イベント】UNIVERSE企画『NEW ORDER新春SP #無銭NIGHT』,2026-08-17.txt
2026-01-09,19:30,19:00,1ub9j9mbgv7c714qm402np7rov@google.com,4,ラブストーリーが始まらない,no,no,no,,新宿MARZ,UNIVERSE企画『NEW ORDER新春SP #無銭NIGHT』,【イベント】UNIVERSE企画『NEW ORDER新春SP #無銭NIGHT』,2026-08-17.txt
2026-01-09,19:30,19:00,1ub9j9mbgv7c714qm402np7rov@google.com,5,ルミナス,no,no,no,,新宿MARZ,UNIVERSE企画『NEW ORDER新春SP #無銭NIGHT』,【イベント】UNIVERSE企画『NEW ORDER新春SP #無銭NIGHT』,2026-08-17.txt
2026-01-09,19:30,19:00,1ub9j9mbgv7c714qm402np7rov@google.com,6,朝焼けと車窓,no,no,no,,新宿MARZ,UNIVERSE企画『NEW ORDER新春SP #無銭NIGHT』,【イベント】UNIVERSE企画『NEW ORDER新春SP #無銭NIGHT』,2026-08-17.txt
2026-01-09,19:30,19:00,1ub9j9mbgv7c714qm402np7rov@google.com,7,"Dear,History",no,no,no,,新宿MARZ,UNIVERSE企画『NEW ORDER新春SP #無銭NIGHT』,【イベント】UNIVERSE企画『NEW ORDER新春SP #無銭NIGHT』,2026-08-17.txt
2026-01-09,19:30,19:00,1ub9j9mbgv7c714qm402np7rov@google.com,8,プライマリ,no,no,no,拡張イントロ,新宿MARZ,UNIVERSE企画『NEW ORDER新春SP #無銭NIGHT』,【イベント】UNIVERSE企画『NEW ORDER新春SP #無銭NIGHT』,2026-08-17.txt
2026-01-11,,11:30,1fn2a7nv7qkr9mr20c4so5o8tu@google.com,1,SE,yes,no,no,,下北沢MOSAiC,Drawry.主催イベント「雪城とうか生誕」,【イベント】Drawry.主催イベント「雪城とうか生誕」,2026-08-17.txt
2026-01-11,,11:30,1fn2a7nv7qkr9mr20c4so5o8tu@google.com,2,"Dear,History",no,no,no,,下北沢MOSAiC,Drawry.主催イベント「雪城とうか生誕」,【イベント】Drawry.主催イベント「雪城とうか生誕」,2026-08-17.txt
2026-01-11,,11:30,1fn2a7nv7qkr9mr20c4so5o8tu@google.com,3,ラブストーリーが始まらない,no,no,no,,下北沢MOSAiC,Drawry.主催イベント「雪城とうか生誕」,【イベント】Drawry.主催イベント「雪城とうか生誕」,2026-08-17.txt
2026-01-11,,11:30,1fn2a7nv7qkr9mr20c4so5o8tu@google.com,4,Moving Lights!,no,no,no,,下北沢MOSAiC,Drawry.主催イベント「雪城とうか生誕」,【イベント】Drawry.主催イベント「雪城とうか生誕」,2026-08-17.txt
2026-01-11,,11:30,1fn2a7nv7qkr9mr20c4so5o8tu@google.com,5,Interlude,no,yes,no,,下北沢MOSAiC,Drawry.主催イベント「雪城とうか生誕」,【イベント】Drawry.主催イベント「雪城とうか生誕」,2026-08-17.txt
2026-01-11,,11:30,1fn2a7nv7qkr9mr20c4so5o8tu@google.com,6,Begin the Journey!,no,no,no,新曲,下北沢MOSAiC,Drawry.主催イベント「雪城とうか生誕」,【イベント】Drawry.主催イベント「雪城とうか生誕」,2026-08-17.txt
2026-01-11,,11:30,1fn2a7nv7qkr9mr20c4so5o8tu@google.com,7,朝焼けと車窓,no,no,no,,下北沢MOSAiC,Drawry.主催イベント「雪城とうか生誕」,【イベント】Drawry.主催イベント「雪城とうか生誕」,2026-08-17.txt
2026-01-11,,11:30,1fn2a7nv7qkr9mr20c4so5o8tu@google.com,8,プライマリ,no,no,no,,下北沢MOSAiC,Drawry.主催イベント「雪城とうか生誕」,【イベント】Drawry.主催イベント「雪城とうか生誕」,2026-08-17.txt
2026-01-11,,11:30,1fn2a7nv7qkr9mr20c4so5o8tu@google.com,9,ルミナス,no,no,yes,,下北沢MOSAiC,Drawry.主催イベント「雪城とうか生誕」,【イベント】Drawry.主催イベント「雪城とうか生誕」,2026-08-17.txt
2026-01-12,18:35,16:55,5lmsml6of0o9g0gnv20ht5vare@google.com,1,SE(プライマリ),yes,no,no,,DESEO mini with VILLAGE VANGUARD,『TOKYO BEATREC』,【イベント】『TOKYO BEATREC』,2026-08-17.txt
2026-01-12,18:35,16:55,5lmsml6of0o9g0gnv20ht5vare@google.com,2,プライマリ,no,no,no,,DESEO mini with VILLAGE VANGUARD,『TOKYO BEATREC』,【イベント】『TOKYO BEATREC』,2026-08-17.txt
2026-01-12,18:35,16:55,5lmsml6of0o9g0gnv20ht5vare@google.com,3,Moving Lights!,no,no,no,,DESEO mini with VILLAGE VANGUARD,『TOKYO BEATREC』,【イベント】『TOKYO BEATREC』,2026-08-17.txt
2026-01-12,18:35,16:55,5lmsml6of0o9g0gnv20ht5vare@google.com,4,Interlude,no,yes,no,,DESEO mini with VILLAGE VANGUARD,『TOKYO BEATREC』,【イベント】『TOKYO BEATREC』,2026-08-17.txt
2026-01-12,18:35,16:55,5lmsml6of0o9g0gnv20ht5vare@google.com,5,Begin the Journey!,no,no,no,,DESEO mini with VILLAGE VANGUARD,『TOKYO BEATREC』,【イベント】『TOKYO BEATREC』,2026-08-17.txt
2026-01-12,18:35,16:55,5lmsml6of0o9g0gnv20ht5vare@google.com,6,ルミナス,no,no,no,,DESEO mini with VILLAGE VANGUARD,『TOKYO BEATREC』,【イベント】『TOKYO BEATREC』,2026-08-17.txt
2026-01-12,18:35,16:55,5lmsml6of0o9g0gnv20ht5vare@google.com,7,朝焼けと車窓,no,no,no,,DESEO mini with VILLAGE VANGUARD,『TOKYO BEATREC』,【イベント】『TOKYO BEATREC』,2026-08-17.txt
2026-01-12,18:35,16:55,5lmsml6of0o9g0gnv20ht5vare@google.com,8,"Dear,History",no,no,no,,DESEO mini with VILLAGE VANGUARD,『TOKYO BEATREC』,【イベント】『TOKYO BEATREC』,2026-08-17.txt
2026-01-15,19:00,19:00,36toor94ufqefi5gjhu0teg6bh@google.com,1,SE,yes,no,no,,DESEO mini with VILLAGE VANGUARD,「OBORO」,【イベント】「OBORO」,2026-08-17.txt
2026-01-15,19:00,19:00,36toor94ufqefi5gjhu0teg6bh@google.com,2,ラブストーリーが始まらない,no,no,no,,DESEO mini with VILLAGE VANGUARD,「OBORO」,【イベント】「OBORO」,2026-08-17.txt
2026-01-15,19:00,19:00,36toor94ufqefi5gjhu0teg6bh@google.com,3,Blooming,no,no,no,,DESEO mini with VILLAGE VANGUARD,「OBORO」,【イベント】「OBORO」,2026-08-17.txt
2026-01-15,19:00,19:00,36toor94ufqefi5gjhu0teg6bh@google.com,4,Begin the Journey!,no,no,no,,DESEO mini with VILLAGE VANGUARD,「OBORO」,【イベント】「OBORO」,2026-08-17.txt
2026-01-15,19:00,19:00,36toor94ufqefi5gjhu0teg6bh@google.com,5,ルミナス,no,no,no,,DESEO mini with VILLAGE VANGUARD,「OBORO」,【イベント】「OBORO」,2026-08-17.txt
2026-01-15,19:00,19:00,36toor94ufqefi5gjhu0teg6bh@google.com,6,朝焼けと車窓,no,no,no,,DESEO mini with VILLAGE VANGUARD,「OBORO」,【イベント】「OBORO」,2026-08-17.txt
2026-01-15,19:00,19:00,36toor94ufqefi5gjhu0teg6bh@google.com,7,"Dear,History",no,no,no,,DESEO mini with VILLAGE VANGUARD,「OBORO」,【イベント】「OBORO」,2026-08-17.txt
2026-01-17,11:55,11:00,2p4eh0t8sft8sj56tgc58md205@google.com,1,SE,yes,no,no,,Spotify O-Crest,『NEW AGE EMO MUGEN 』,【イベント】『NEW AGE EMO MUGEN 』,2026-08-17.txt
2026-01-17,11:55,11:00,2p4eh0t8sft8sj56tgc58md205@google.com,2,"Dear,History",no,no,no,,Spotify O-Crest,『NEW AGE EMO MUGEN 』,【イベント】『NEW AGE EMO MUGEN 』,2026-08-17.txt
2026-01-17,11:55,11:00,2p4eh0t8sft8sj56tgc58md205@google.com,3,ラブストーリーが始まらない,no,no,no,,Spotify O-Crest,『NEW AGE EMO MUGEN 』,【イベント】『NEW AGE EMO MUGEN 』,2026-08-17.txt
2026-01-17,11:55,11:00,2p4eh0t8sft8sj56tgc58md205@google.com,4,Moving Lights!,no,no,no,,Spotify O-Crest,『NEW AGE EMO MUGEN 』,【イベント】『NEW AGE EMO MUGEN 』,2026-08-17.txt
2026-01-17,11:55,11:00,2p4eh0t8sft8sj56tgc58md205@google.com,5,Interlude,no,yes,no,,Spotify O-Crest,『NEW AGE EMO MUGEN 』,【イベント】『NEW AGE EMO MUGEN 』,2026-08-17.txt
2026-01-17,11:55,11:00,2p4eh0t8sft8sj56tgc58md205@google.com,6,Begin the Journey!,no,no,no,,Spotify O-Crest,『NEW AGE EMO MUGEN 』,【イベント】『NEW AGE EMO MUGEN 』,2026-08-17.txt
2026-01-17,11:55,11:00,2p4eh0t8sft8sj56tgc58md205@google.com,7,ルミナス,no,no,no,,Spotify O-Crest,『NEW AGE EMO MUGEN 』,【イベント】『NEW AGE EMO MUGEN 』,2026-08-17.txt
2026-01-17,11:55,11:00,2p4eh0t8sft8sj56tgc58md205@google.com,8,朝焼けと車窓,no,no,no,,Spotify O-Crest,『NEW AGE EMO MUGEN 』,【イベント】『NEW AGE EMO MUGEN 』,2026-08-17.txt
2026-01-18,11:50,11:00,57lhuo37r0d3lr1g4ri673idr8@google.com,1,SE,yes,no,no,,大塚Hearts Next,日ノ目企画presents“Fill In Your Blanks”,【イベント】日ノ目企画presents“Fill In Your Blanks”,2026-08-17.txt
2026-01-18,11:50,11:00,57lhuo37r0d3lr1g4ri673idr8@google.com,2,朝焼けと車窓,no,no,no,,大塚Hearts Next,日ノ目企画presents“Fill In Your Blanks”,【イベント】日ノ目企画presents“Fill In Your Blanks”,2026-08-17.txt
2026-01-18,11:50,11:00,57lhuo37r0d3lr1g4ri673idr8@google.com,3,Blooming,no,no,no,,大塚Hearts Next,日ノ目企画presents“Fill In Your Blanks”,【イベント】日ノ目企画presents“Fill In Your Blanks”,2026-08-17.txt
2026-01-18,11:50,11:00,57lhuo37r0d3lr1g4ri673idr8@google.com,4,Begin the Journey!,no,no,no,,大塚Hearts Next,日ノ目企画presents“Fill In Your Blanks”,【イベント】日ノ目企画presents“Fill In Your Blanks”,2026-08-17.txt
2026-01-18,11:50,11:00,57lhuo37r0d3lr1g4ri673idr8@google.com,5,ルミナス,no,no,no,,大塚Hearts Next,日ノ目企画presents“Fill In Your Blanks”,【イベント】日ノ目企画presents“Fill In Your Blanks”,2026-08-17.txt
2026-01-18,11:50,11:00,57lhuo37r0d3lr1g4ri673idr8@google.com,6,ラブストーリーが始まらない,no,no,no,,大塚Hearts Next,日ノ目企画presents“Fill In Your Blanks”,【イベント】日ノ目企画presents“Fill In Your Blanks”,2026-08-17.txt
2026-01-18,11:50,11:00,57lhuo37r0d3lr1g4ri673idr8@google.com,7,プライマリ,no,no,no,,大塚Hearts Next,日ノ目企画presents“Fill In Your Blanks”,【イベント】日ノ目企画presents“Fill In Your Blanks”,2026-08-17.txt
2026-01-23,18:45,18:20,19ib1bj5e4ikh6ufvtccn8ggkv@google.com,1,SE,yes,no,no,,京都ROKA,日ノ目企画presents“GOLDENEYE“,【関西遠征イベント】日ノ目企画presents“GOLDENEYE“,2026-08-17.txt
2026-01-23,18:45,18:20,19ib1bj5e4ikh6ufvtccn8ggkv@google.com,2,"Dear,History",no,no,no,,京都ROKA,日ノ目企画presents“GOLDENEYE“,【関西遠征イベント】日ノ目企画presents“GOLDENEYE“,2026-08-17.txt
2026-01-23,18:45,18:20,19ib1bj5e4ikh6ufvtccn8ggkv@google.com,3,朝焼けと車窓,no,no,no,,京都ROKA,日ノ目企画presents“GOLDENEYE“,【関西遠征イベント】日ノ目企画presents“GOLDENEYE“,2026-08-17.txt
2026-01-23,18:45,18:20,19ib1bj5e4ikh6ufvtccn8ggkv@google.com,4,ラブストーリーが始まらない,no,no,no,,京都ROKA,日ノ目企画presents“GOLDENEYE“,【関西遠征イベント】日ノ目企画presents“GOLDENEYE“,2026-08-17.txt
2026-01-23,18:45,18:20,19ib1bj5e4ikh6ufvtccn8ggkv@google.com,5,ルミナス,no,no,no,,京都ROKA,日ノ目企画presents“GOLDENEYE“,【関西遠征イベント】日ノ目企画presents“GOLDENEYE“,2026-08-17.txt
2026-01-23,18:45,18:20,19ib1bj5e4ikh6ufvtccn8ggkv@google.com,6,プライマリ,no,no,no,,京都ROKA,日ノ目企画presents“GOLDENEYE“,【関西遠征イベント】日ノ目企画presents“GOLDENEYE“,2026-08-17.txt
2026-01-27,11:40,10:30,2rgv7j5m5n87ctdg4phvb98uu0@google.com,1,Moving Lights!,no,no,no,,新宿Marble,『UTAGE FES Vol.4』,【イベント】『UTAGE FES Vol.4』,2026-08-17.txt
2026-01-27,11:40,10:30,2rgv7j5m5n87ctdg4phvb98uu0@google.com,2,Interlude,no,yes,no,,新宿Marble,『UTAGE FES Vol.4』,【イベント】『UTAGE FES Vol.4』,2026-08-17.txt
2026-01-27,11:40,10:30,2rgv7j5m5n87ctdg4phvb98uu0@google.com,3,Begin the Journey!,no,no,no,,新宿Marble,『UTAGE FES Vol.4』,【イベント】『UTAGE FES Vol.4』,2026-08-17.txt
2026-01-27,11:40,10:30,2rgv7j5m5n87ctdg4phvb98uu0@google.com,4,朝焼けと車窓,no,no,no,,新宿Marble,『UTAGE FES Vol.4』,【イベント】『UTAGE FES Vol.4』,2026-08-17.txt
2026-01-27,11:40,10:30,2rgv7j5m5n87ctdg4phvb98uu0@google.com,5,ルミナス,no,no,no,,新宿Marble,『UTAGE FES Vol.4』,【イベント】『UTAGE FES Vol.4』,2026-08-17.txt
2026-01-27,11:40,10:30,2rgv7j5m5n87ctdg4phvb98uu0@google.com,6,"Dear,History",no,no,no,,新宿Marble,『UTAGE FES Vol.4』,【イベント】『UTAGE FES Vol.4』,2026-08-17.txt
2026-02-01,13:40,12:00,3teje1p32kf9s2k263v6frte4b@google.com,1,SE(プライマリ),yes,no,no,,銀座BASE GRANBELL,「IDOL☆STAR -LIGHT- Vol.24」,【イベント】「IDOL☆STAR -LIGHT- Vol.24」,2026-08-17.txt
2026-02-01,13:40,12:00,3teje1p32kf9s2k263v6frte4b@google.com,2,プライマリ,no,no,no,,銀座BASE GRANBELL,「IDOL☆STAR -LIGHT- Vol.24」,【イベント】「IDOL☆STAR -LIGHT- Vol.24」,2026-08-17.txt
2026-02-01,13:40,12:00,3teje1p32kf9s2k263v6frte4b@google.com,3,ラブストーリーが始まらない,no,no,no,,銀座BASE GRANBELL,「IDOL☆STAR -LIGHT- Vol.24」,【イベント】「IDOL☆STAR -LIGHT- Vol.24」,2026-08-17.txt
2026-02-01,13:40,12:00,3teje1p32kf9s2k263v6frte4b@google.com,4,Begin the Journey!,no,no,no,,銀座BASE GRANBELL,「IDOL☆STAR -LIGHT- Vol.24」,【イベント】「IDOL☆STAR -LIGHT- Vol.24」,2026-08-17.txt
2026-02-01,13:40,12:00,3teje1p32kf9s2k263v6frte4b@google.com,5,ルミナス,no,no,no,,銀座BASE GRANBELL,「IDOL☆STAR -LIGHT- Vol.24」,【イベント】「IDOL☆STAR -LIGHT- Vol.24」,2026-08-17.txt
2026-02-01,13:40,12:00,3teje1p32kf9s2k263v6frte4b@google.com,6,朝焼けと車窓,no,no,no,,銀座BASE GRANBELL,「IDOL☆STAR -LIGHT- Vol.24」,【イベント】「IDOL☆STAR -LIGHT- Vol.24」,2026-08-17.txt
2026-02-01,13:40,12:00,3teje1p32kf9s2k263v6frte4b@google.com,7,"Dear,History",no,no,no,,銀座BASE GRANBELL,「IDOL☆STAR -LIGHT- Vol.24」,【イベント】「IDOL☆STAR -LIGHT- Vol.24」,2026-08-17.txt
2026-02-05,19:30,19:00,31v6ddfp7054c1tun35daca8v5@google.com,1,SE,yes,no,no,,渋谷チェルシーホテル,#ﾆｷﾌﾟﾚ『シキサイ。』,【イベント】#ﾆｷﾌﾟﾚ『シキサイ。』,2026-08-17.txt
2026-02-05,19:30,19:00,31v6ddfp7054c1tun35daca8v5@google.com,2,"Dear,History",no,no,no,,渋谷チェルシーホテル,#ﾆｷﾌﾟﾚ『シキサイ。』,【イベント】#ﾆｷﾌﾟﾚ『シキサイ。』,2026-08-17.txt
2026-02-05,19:30,19:00,31v6ddfp7054c1tun35daca8v5@google.com,3,朝焼けと車窓,no,no,no,,渋谷チェルシーホテル,#ﾆｷﾌﾟﾚ『シキサイ。』,【イベント】#ﾆｷﾌﾟﾚ『シキサイ。』,2026-08-17.txt
2026-02-05,19:30,19:00,31v6ddfp7054c1tun35daca8v5@google.com,4,Blooming,no,no,no,,渋谷チェルシーホテル,#ﾆｷﾌﾟﾚ『シキサイ。』,【イベント】#ﾆｷﾌﾟﾚ『シキサイ。』,2026-08-17.txt
2026-02-05,19:30,19:00,31v6ddfp7054c1tun35daca8v5@google.com,5,Begin the Journey!,no,no,no,,渋谷チェルシーホテル,#ﾆｷﾌﾟﾚ『シキサイ。』,【イベント】#ﾆｷﾌﾟﾚ『シキサイ。』,2026-08-17.txt
2026-02-05,19:30,19:00,31v6ddfp7054c1tun35daca8v5@google.com,6,ルミナス,no,no,no,,渋谷チェルシーホテル,#ﾆｷﾌﾟﾚ『シキサイ。』,【イベント】#ﾆｷﾌﾟﾚ『シキサイ。』,2026-08-17.txt
2026-02-05,19:30,19:00,31v6ddfp7054c1tun35daca8v5@google.com,7,ラブストーリーが始まらない,no,no,no,,渋谷チェルシーホテル,#ﾆｷﾌﾟﾚ『シキサイ。』,【イベント】#ﾆｷﾌﾟﾚ『シキサイ。』,2026-08-17.txt
2026-02-05,19:30,19:00,31v6ddfp7054c1tun35daca8v5@google.com,8,プライマリ,no,no,no,拡張イントロ,渋谷チェルシーホテル,#ﾆｷﾌﾟﾚ『シキサイ。』,【イベント】#ﾆｷﾌﾟﾚ『シキサイ。』,2026-08-17.txt
2026-02-07,18:15,17:00,00oaj2hqh984qel1pgqg4m2pqd@google.com,1,SE,yes,no,no,,青山RizM,『TOKYO BEATREC』,【イベント】『TOKYO BEATREC』,2026-08-17.txt
2026-02-07,18:15,17:00,00oaj2hqh984qel1pgqg4m2pqd@google.com,2,ラブストーリーが始まらない,no,no,no,,青山RizM,『TOKYO BEATREC』,【イベント】『TOKYO BEATREC』,2026-08-17.txt
2026-02-07,18:15,17:00,00oaj2hqh984qel1pgqg4m2pqd@google.com,3,朝焼けと車窓,no,no,no,,青山RizM,『TOKYO BEATREC』,【イベント】『TOKYO BEATREC』,2026-08-17.txt
2026-02-07,18:15,17:00,00oaj2hqh984qel1pgqg4m2pqd@google.com,4,Moving Lights!,no,no,no,,青山RizM,『TOKYO BEATREC』,【イベント】『TOKYO BEATREC』,2026-08-17.txt
2026-02-07,18:15,17:00,00oaj2hqh984qel1pgqg4m2pqd@google.com,5,Interlude,no,yes,no,,青山RizM,『TOKYO BEATREC』,【イベント】『TOKYO BEATREC』,2026-08-17.txt
2026-02-07,18:15,17:00,00oaj2hqh984qel1pgqg4m2pqd@google.com,6,Begin the Journey!,no,no,no,,青山RizM,『TOKYO BEATREC』,【イベント】『TOKYO BEATREC』,2026-08-17.txt
2026-02-07,18:15,17:00,00oaj2hqh984qel1pgqg4m2pqd@google.com,7,ルミナス,no,no,no,,青山RizM,『TOKYO BEATREC』,【イベント】『TOKYO BEATREC』,2026-08-17.txt
2026-02-07,18:15,17:00,00oaj2hqh984qel1pgqg4m2pqd@google.com,8,"Dear,History",no,no,no,,青山RizM,『TOKYO BEATREC』,【イベント】『TOKYO BEATREC』,2026-08-17.txt
2026-02-11,13:05,11:15,4pe39gbohv2vclor0mo1bdven4@google.com,1,SE,yes,no,no,,下北沢MOSAiC,INFINITY LIVE presents『WHITEDAYS』,【イベント】INFINITY LIVE presents『WHITEDAYS』,2026-08-17.txt
2026-02-11,13:05,11:15,4pe39gbohv2vclor0mo1bdven4@google.com,2,"Dear,History",no,no,no,,下北沢MOSAiC,INFINITY LIVE presents『WHITEDAYS』,【イベント】INFINITY LIVE presents『WHITEDAYS』,2026-08-17.txt
2026-02-11,13:05,11:15,4pe39gbohv2vclor0mo1bdven4@google.com,3,Blooming,no,no,no,,下北沢MOSAiC,INFINITY LIVE presents『WHITEDAYS』,【イベント】INFINITY LIVE presents『WHITEDAYS』,2026-08-17.txt
2026-02-11,13:05,11:15,4pe39gbohv2vclor0mo1bdven4@google.com,4,ラブストーリーが始まらない,no,no,no,,下北沢MOSAiC,INFINITY LIVE presents『WHITEDAYS』,【イベント】INFINITY LIVE presents『WHITEDAYS』,2026-08-17.txt
2026-02-11,13:05,11:15,4pe39gbohv2vclor0mo1bdven4@google.com,5,ルミナス,no,no,no,,下北沢MOSAiC,INFINITY LIVE presents『WHITEDAYS』,【イベント】INFINITY LIVE presents『WHITEDAYS』,2026-08-17.txt
2026-02-11,13:05,11:15,4pe39gbohv2vclor0mo1bdven4@google.com,6,朝焼けと車窓,no,no,no,,下北沢MOSAiC,INFINITY LIVE presents『WHITEDAYS』,【イベント】INFINITY LIVE presents『WHITEDAYS』,2026-08-17.txt
2026-02-11,13:05,11:15,4pe39gbohv2vclor0mo1bdven4@google.com,7,プライマリ,no,no,no,,下北沢MOSAiC,INFINITY LIVE presents『WHITEDAYS』,【イベント】INFINITY LIVE presents『WHITEDAYS』,2026-08-17.txt
2026-02-14,19:15,10:15,6cpg54805tv8684pe3cus5fvgi@google.com,1,SE,yes,no,no,,白金高輪SELENE b2,『new story』,【イベント】『new story』,2026-08-17.txt
2026-02-14,19:15,10:15,6cpg54805tv8684pe3cus5fvgi@google.com,2,"Dear,History",no,no,no,,白金高輪SELENE b2,『new story』,【イベント】『new story』,2026-08-17.txt
2026-02-14,19:15,10:15,6cpg54805tv8684pe3cus5fvgi@google.com,3,Begin the Journey!,no,no,no,,白金高輪SELENE b2,『new story』,【イベント】『new story』,2026-08-17.txt
2026-02-14,19:15,10:15,6cpg54805tv8684pe3cus5fvgi@google.com,4,朝焼けと車窓,no,no,no,,白金高輪SELENE b2,『new story』,【イベント】『new story』,2026-08-17.txt
2026-02-14,19:15,10:15,6cpg54805tv8684pe3cus5fvgi@google.com,5,ルミナス,no,no,no,,白金高輪SELENE b2,『new story』,【イベント】『new story』,2026-08-17.txt
2026-02-14,19:15,10:15,6cpg54805tv8684pe3cus5fvgi@google.com,6,ラブストーリーが始まらない,no,no,no,,白金高輪SELENE b2,『new story』,【イベント】『new story』,2026-08-17.txt
2026-02-14,19:15,10:15,6cpg54805tv8684pe3cus5fvgi@google.com,7,プライマリ,no,no,no,,白金高輪SELENE b2,『new story』,【イベント】『new story』,2026-08-17.txt
2026-02-15,11:45,10:30,02ofra8f0vn4ggj2p3j2j8rdah@google.com,1,SE,yes,no,no,,恵比寿CreAto,『ソノウチ』,【イベント】「ソノウチ」,2026-08-17.txt
2026-02-15,11:45,10:30,02ofra8f0vn4ggj2p3j2j8rdah@google.com,2,Blooming,no,no,no,,恵比寿CreAto,『ソノウチ』,【イベント】「ソノウチ」,2026-08-17.txt
2026-02-15,11:45,10:30,02ofra8f0vn4ggj2p3j2j8rdah@google.com,3,Moving Lights!,no,no,no,,恵比寿CreAto,『ソノウチ』,【イベント】「ソノウチ」,2026-08-17.txt
2026-02-15,11:45,10:30,02ofra8f0vn4ggj2p3j2j8rdah@google.com,4,Interlude,no,yes,no,,恵比寿CreAto,『ソノウチ』,【イベント】「ソノウチ」,2026-08-17.txt
2026-02-15,11:45,10:30,02ofra8f0vn4ggj2p3j2j8rdah@google.com,5,Begin the Journey!,no,no,no,,恵比寿CreAto,『ソノウチ』,【イベント】「ソノウチ」,2026-08-17.txt
2026-02-15,11:45,10:30,02ofra8f0vn4ggj2p3j2j8rdah@google.com,6,ラブストーリーが始まらない,no,no,no,,恵比寿CreAto,『ソノウチ』,【イベント】「ソノウチ」,2026-08-17.txt
2026-02-15,11:45,10:30,02ofra8f0vn4ggj2p3j2j8rdah@google.com,7,朝焼けと車窓,no,no,no,,恵比寿CreAto,『ソノウチ』,【イベント】「ソノウチ」,2026-08-17.txt
2026-02-15,11:45,10:30,02ofra8f0vn4ggj2p3j2j8rdah@google.com,8,"Dear,History",no,no,no,,恵比寿CreAto,『ソノウチ』,【イベント】「ソノウチ」,2026-08-17.txt
2026-02-17,18:30,18:30,15j1rs1qsrf3s4t4ikabk1vtg6@google.com,1,SE,yes,no,no,,Flowers Loft,「アイドルわくくんDAYO! おさんぽ編」,【イベント】「アイドルわくくんDAYO! おさんぽ編」,2026-08-17.txt
2026-02-17,18:30,18:30,15j1rs1qsrf3s4t4ikabk1vtg6@google.com,2,"Dear,History",no,no,no,,Flowers Loft,「アイドルわくくんDAYO! おさんぽ編」,【イベント】「アイドルわくくんDAYO! おさんぽ編」,2026-08-17.txt
2026-02-17,18:30,18:30,15j1rs1qsrf3s4t4ikabk1vtg6@google.com,3,Blooming,no,no,no,,Flowers Loft,「アイドルわくくんDAYO! おさんぽ編」,【イベント】「アイドルわくくんDAYO! おさんぽ編」,2026-08-17.txt
2026-02-17,18:30,18:30,15j1rs1qsrf3s4t4ikabk1vtg6@google.com,4,Begin the Journey!,no,no,no,,Flowers Loft,「アイドルわくくんDAYO! おさんぽ編」,【イベント】「アイドルわくくんDAYO! おさんぽ編」,2026-08-17.txt
2026-02-17,18:30,18:30,15j1rs1qsrf3s4t4ikabk1vtg6@google.com,5,ラブストーリーが始まらない,no,no,no,,Flowers Loft,「アイドルわくくんDAYO! おさんぽ編」,【イベント】「アイドルわくくんDAYO! おさんぽ編」,2026-08-17.txt
2026-02-17,18:30,18:30,15j1rs1qsrf3s4t4ikabk1vtg6@google.com,6,ルミナス,no,no,no,,Flowers Loft,「アイドルわくくんDAYO! おさんぽ編」,【イベント】「アイドルわくくんDAYO! おさんぽ編」,2026-08-17.txt
2026-02-17,18:30,18:30,15j1rs1qsrf3s4t4ikabk1vtg6@google.com,7,朝焼けと車窓,no,no,no,,Flowers Loft,「アイドルわくくんDAYO! おさんぽ編」,【イベント】「アイドルわくくんDAYO! おさんぽ編」,2026-08-17.txt
2026-02-21,17:55,16:30,7vq79olojgs7bbrl0tltjjhkjs@google.com,1,SE,yes,no,no,,DESEO mini with VILLAGE VANGUARD,『COLORLiNIX vol.III』,【イベント】『COLORLiNIX vol.III』,2026-08-17.txt
2026-02-21,17:55,16:30,7vq79olojgs7bbrl0tltjjhkjs@google.com,2,Blooming,no,no,no,,DESEO mini with VILLAGE VANGUARD,『COLORLiNIX vol.III』,【イベント】『COLORLiNIX vol.III』,2026-08-17.txt
2026-02-21,17:55,16:30,7vq79olojgs7bbrl0tltjjhkjs@google.com,3,Moving Lights!,no,no,no,,DESEO mini with VILLAGE VANGUARD,『COLORLiNIX vol.III』,【イベント】『COLORLiNIX vol.III』,2026-08-17.txt
2026-02-21,17:55,16:30,7vq79olojgs7bbrl0tltjjhkjs@google.com,4,Begin the Journey!,no,no,no,,DESEO mini with VILLAGE VANGUARD,『COLORLiNIX vol.III』,【イベント】『COLORLiNIX vol.III』,2026-08-17.txt
2026-02-21,17:55,16:30,7vq79olojgs7bbrl0tltjjhkjs@google.com,5,ルミナス,no,no,no,,DESEO mini with VILLAGE VANGUARD,『COLORLiNIX vol.III』,【イベント】『COLORLiNIX vol.III』,2026-08-17.txt
2026-02-21,17:55,16:30,7vq79olojgs7bbrl0tltjjhkjs@google.com,6,朝焼けと車窓,no,no,no,,DESEO mini with VILLAGE VANGUARD,『COLORLiNIX vol.III』,【イベント】『COLORLiNIX vol.III』,2026-08-17.txt
2026-02-21,17:55,16:30,7vq79olojgs7bbrl0tltjjhkjs@google.com,7,"Dear,History",no,no,no,,DESEO mini with VILLAGE VANGUARD,『COLORLiNIX vol.III』,【イベント】『COLORLiNIX vol.III』,2026-08-17.txt
2026-02-22,13:10,11:00,4bjv4t01k1jc9n1umc7862i1bv@google.com,1,SE(Moving Lights!),yes,no,no,,池袋リヴォイス,『ラジオ大阪Presents GIRLS CIRCUIT LIVE』,【イベント】『ラジオ大阪Presents GIRLS CIRCUIT LIVE』,2026-08-17.txt
2026-02-22,13:10,11:00,4bjv4t01k1jc9n1umc7862i1bv@google.com,2,Moving Lights!,no,no,no,,池袋リヴォイス,『ラジオ大阪Presents GIRLS CIRCUIT LIVE』,【イベント】『ラジオ大阪Presents GIRLS CIRCUIT LIVE』,2026-08-17.txt
2026-02-22,13:10,11:00,4bjv4t01k1jc9n1umc7862i1bv@google.com,3,Interlude,no,yes,no,,池袋リヴォイス,『ラジオ大阪Presents GIRLS CIRCUIT LIVE』,【イベント】『ラジオ大阪Presents GIRLS CIRCUIT LIVE』,2026-08-17.txt
2026-02-22,13:10,11:00,4bjv4t01k1jc9n1umc7862i1bv@google.com,4,Begin the Journey!,no,no,no,,池袋リヴォイス,『ラジオ大阪Presents GIRLS CIRCUIT LIVE』,【イベント】『ラジオ大阪Presents GIRLS CIRCUIT LIVE』,2026-08-17.txt
2026-02-22,13:10,11:00,4bjv4t01k1jc9n1umc7862i1bv@google.com,5,Blooming,no,no,no,,池袋リヴォイス,『ラジオ大阪Presents GIRLS CIRCUIT LIVE』,【イベント】『ラジオ大阪Presents GIRLS CIRCUIT LIVE』,2026-08-17.txt
2026-02-22,13:10,11:00,4bjv4t01k1jc9n1umc7862i1bv@google.com,6,ルミナス,no,no,no,,池袋リヴォイス,『ラジオ大阪Presents GIRLS CIRCUIT LIVE』,【イベント】『ラジオ大阪Presents GIRLS CIRCUIT LIVE』,2026-08-17.txt
2026-02-22,13:10,11:00,4bjv4t01k1jc9n1umc7862i1bv@google.com,7,ラブストーリーが始まらない,no,no,no,,池袋リヴォイス,『ラジオ大阪Presents GIRLS CIRCUIT LIVE』,【イベント】『ラジオ大阪Presents GIRLS CIRCUIT LIVE』,2026-08-17.txt
2026-02-22,13:10,11:00,4bjv4t01k1jc9n1umc7862i1bv@google.com,8,朝焼けと車窓,no,no,no,,池袋リヴォイス,『ラジオ大阪Presents GIRLS CIRCUIT LIVE』,【イベント】『ラジオ大阪Presents GIRLS CIRCUIT LIVE』,2026-08-17.txt
2026-02-23,12:40,11:50,1dk8k2t5tdo3ue83f1qtj22r5i@google.com,1,SE,yes,no,no,,SHIBUYA DESEO,Drawry.主催イベント「build a family vol.2」,【イベント】Drawry.主催イベント「build a family vol.2」,2026-08-17.txt
2026-02-23,12:40,11:50,1dk8k2t5tdo3ue83f1qtj22r5i@google.com,2,ラブストーリーが始まらない,no,no,no,,SHIBUYA DESEO,Drawry.主催イベント「build a family vol.2」,【イベント】Drawry.主催イベント「build a family vol.2」,2026-08-17.txt
2026-02-23,12:40,11:50,1dk8k2t5tdo3ue83f1qtj22r5i@google.com,3,Moving Lights!,no,no,no,,SHIBUYA DESEO,Drawry.主催イベント「build a family vol.2」,【イベント】Drawry.主催イベント「build a family vol.2」,2026-08-17.txt
2026-02-23,12:40,11:50,1dk8k2t5tdo3ue83f1qtj22r5i@google.com,4,Interlude,no,yes,no,,SHIBUYA DESEO,Drawry.主催イベント「build a family vol.2」,【イベント】Drawry.主催イベント「build a family vol.2」,2026-08-17.txt
2026-02-23,12:40,11:50,1dk8k2t5tdo3ue83f1qtj22r5i@google.com,5,Begin the Journey!,no,no,no,,SHIBUYA DESEO,Drawry.主催イベント「build a family vol.2」,【イベント】Drawry.主催イベント「build a family vol.2」,2026-08-17.txt
2026-02-23,12:40,11:50,1dk8k2t5tdo3ue83f1qtj22r5i@google.com,6,描きかけの空,no,no,no,初披露,SHIBUYA DESEO,Drawry.主催イベント「build a family vol.2」,【イベント】Drawry.主催イベント「build a family vol.2」,2026-08-17.txt
2026-02-23,12:40,11:50,1dk8k2t5tdo3ue83f1qtj22r5i@google.com,7,ルミナス,no,no,no,,SHIBUYA DESEO,Drawry.主催イベント「build a family vol.2」,【イベント】Drawry.主催イベント「build a family vol.2」,2026-08-17.txt
2026-02-23,12:40,11:50,1dk8k2t5tdo3ue83f1qtj22r5i@google.com,8,朝焼けと車窓,no,no,no,,SHIBUYA DESEO,Drawry.主催イベント「build a family vol.2」,【イベント】Drawry.主催イベント「build a family vol.2」,2026-08-17.txt
2026-02-23,12:40,11:50,1dk8k2t5tdo3ue83f1qtj22r5i@google.com,9,"Dear,History",no,no,no,,SHIBUYA DESEO,Drawry.主催イベント「build a family vol.2」,【イベント】Drawry.主催イベント「build a family vol.2」,2026-08-17.txt
2026-02-28,11:35,11:25,1cflsrrfv6fusn4986kaa2jrbe@google.com,1,SE,yes,no,no,,大塚Hearts+,RAY presents「GOO!」supported by YOIMACHI,【イベント】RAY presents「GOO!」supported by YOIMACHI,2026-08-17.txt
2026-02-28,11:35,11:25,1cflsrrfv6fusn4986kaa2jrbe@google.com,2,"Dear,History",no,no,no,,大塚Hearts+,RAY presents「GOO!」supported by YOIMACHI,【イベント】RAY presents「GOO!」supported by YOIMACHI,2026-08-17.txt
2026-02-28,11:35,11:25,1cflsrrfv6fusn4986kaa2jrbe@google.com,3,描きかけの空,no,no,no,,大塚Hearts+,RAY presents「GOO!」supported by YOIMACHI,【イベント】RAY presents「GOO!」supported by YOIMACHI,2026-08-17.txt
2026-02-28,11:35,11:25,1cflsrrfv6fusn4986kaa2jrbe@google.com,4,ラブストーリーが始まらない,no,no,no,,大塚Hearts+,RAY presents「GOO!」supported by YOIMACHI,【イベント】RAY presents「GOO!」supported by YOIMACHI,2026-08-17.txt
2026-02-28,11:35,11:25,1cflsrrfv6fusn4986kaa2jrbe@google.com,5,ルミナス,no,no,no,,大塚Hearts+,RAY presents「GOO!」supported by YOIMACHI,【イベント】RAY presents「GOO!」supported by YOIMACHI,2026-08-17.txt
2026-02-28,11:35,11:25,1cflsrrfv6fusn4986kaa2jrbe@google.com,6,朝焼けと車窓,no,no,no,,大塚Hearts+,RAY presents「GOO!」supported by YOIMACHI,【イベント】RAY presents「GOO!」supported by YOIMACHI,2026-08-17.txt
2026-02-28,11:35,11:25,1cflsrrfv6fusn4986kaa2jrbe@google.com,7,プライマリ,no,no,no,,大塚Hearts+,RAY presents「GOO!」supported by YOIMACHI,【イベント】RAY presents「GOO!」supported by YOIMACHI,2026-08-17.txt
2026-03-01,17:50,17:00,3ij1o7uapnm76jqf3l7vmekr93@google.com,1,SE,yes,no,no,,四谷LOTUS,INFINITY LIVE presents『Princeism』,【イベント】INFINITY LIVE presents『Princeism』,2026-08-17.txt
2026-03-01,17:50,17:00,3ij1o7uapnm76jqf3l7vmekr93@google.com,2,ラブストーリーが始まらない,no,no,no,,四谷LOTUS,INFINITY LIVE presents『Princeism』,【イベント】INFINITY LIVE presents『Princeism』,2026-08-17.txt
2026-03-01,17:50,17:00,3ij1o7uapnm76jqf3l7vmekr93@google.com,3,描きかけの空,no,no,no,,四谷LOTUS,INFINITY LIVE presents『Princeism』,【イベント】INFINITY LIVE presents『Princeism』,2026-08-17.txt
2026-03-01,17:50,17:00,3ij1o7uapnm76jqf3l7vmekr93@google.com,4,ルミナス,no,no,no,,四谷LOTUS,INFINITY LIVE presents『Princeism』,【イベント】INFINITY LIVE presents『Princeism』,2026-08-17.txt
2026-03-01,17:50,17:00,3ij1o7uapnm76jqf3l7vmekr93@google.com,5,朝焼けと車窓,no,no,no,,四谷LOTUS,INFINITY LIVE presents『Princeism』,【イベント】INFINITY LIVE presents『Princeism』,2026-08-17.txt
2026-03-01,17:50,17:00,3ij1o7uapnm76jqf3l7vmekr93@google.com,6,"Dear,History",no,no,no,,四谷LOTUS,INFINITY LIVE presents『Princeism』,【イベント】INFINITY LIVE presents『Princeism』,2026-08-17.txt
2026-03-01,17:50,17:00,3ij1o7uapnm76jqf3l7vmekr93@google.com,7,プライマリ,no,no,no,拡張イントロ,四谷LOTUS,INFINITY LIVE presents『Princeism』,【イベント】INFINITY LIVE presents『Princeism』,2026-08-17.txt
2026-03-02,19:50,19:20,2sjvs9au52i5810pfis7rsca6k@google.com,1,SE(Moving Lights!),yes,no,no,,渋谷近未来会館,#ﾆｷﾌﾟﾚ『シキサイ。』,【イベント】#ﾆｷﾌﾟﾚ『シキサイ。』,2026-08-17.txt
2026-03-02,19:50,19:20,2sjvs9au52i5810pfis7rsca6k@google.com,2,Moving Lights!,no,no,no,,渋谷近未来会館,#ﾆｷﾌﾟﾚ『シキサイ。』,【イベント】#ﾆｷﾌﾟﾚ『シキサイ。』,2026-08-17.txt
2026-03-02,19:50,19:20,2sjvs9au52i5810pfis7rsca6k@google.com,3,Interlude,no,yes,no,,渋谷近未来会館,#ﾆｷﾌﾟﾚ『シキサイ。』,【イベント】#ﾆｷﾌﾟﾚ『シキサイ。』,2026-08-17.txt
2026-03-02,19:50,19:20,2sjvs9au52i5810pfis7rsca6k@google.com,4,Begin the Journey!,no,no,no,,渋谷近未来会館,#ﾆｷﾌﾟﾚ『シキサイ。』,【イベント】#ﾆｷﾌﾟﾚ『シキサイ。』,2026-08-17.txt
2026-03-02,19:50,19:20,2sjvs9au52i5810pfis7rsca6k@google.com,5,ラブストーリーが始まらない,no,no,no,,渋谷近未来会館,#ﾆｷﾌﾟﾚ『シキサイ。』,【イベント】#ﾆｷﾌﾟﾚ『シキサイ。』,2026-08-17.txt
2026-03-02,19:50,19:20,2sjvs9au52i5810pfis7rsca6k@google.com,6,描きかけの空,no,no,no,,渋谷近未来会館,#ﾆｷﾌﾟﾚ『シキサイ。』,【イベント】#ﾆｷﾌﾟﾚ『シキサイ。』,2026-08-17.txt
2026-03-02,19:50,19:20,2sjvs9au52i5810pfis7rsca6k@google.com,7,ルミナス,no,no,no,,渋谷近未来会館,#ﾆｷﾌﾟﾚ『シキサイ。』,【イベント】#ﾆｷﾌﾟﾚ『シキサイ。』,2026-08-17.txt
2026-03-02,19:50,19:20,2sjvs9au52i5810pfis7rsca6k@google.com,8,朝焼けと車窓,no,no,no,,渋谷近未来会館,#ﾆｷﾌﾟﾚ『シキサイ。』,【イベント】#ﾆｷﾌﾟﾚ『シキサイ。』,2026-08-17.txt
2026-03-02,19:50,19:20,2sjvs9au52i5810pfis7rsca6k@google.com,9,"Dear,History",no,no,no,,渋谷近未来会館,#ﾆｷﾌﾟﾚ『シキサイ。』,【イベント】#ﾆｷﾌﾟﾚ『シキサイ。』,2026-08-17.txt
2026-03-07,12:50,11:15,7brqedd9v9c5gjgget34h991ch@google.com,1,SE,yes,no,no,,渋谷CLUB CRAWL,INFINITY LIVE presents『CRAWLCRAW』,【イベント】INFINITY LIVE presents『CRAWLCRAW』,2026-08-17.txt
2026-03-07,12:50,11:15,7brqedd9v9c5gjgget34h991ch@google.com,2,"Dear,History",no,no,no,,渋谷CLUB CRAWL,INFINITY LIVE presents『CRAWLCRAW』,【イベント】INFINITY LIVE presents『CRAWLCRAW』,2026-08-17.txt
2026-03-07,12:50,11:15,7brqedd9v9c5gjgget34h991ch@google.com,3,描きかけの空,no,no,no,,渋谷CLUB CRAWL,INFINITY LIVE presents『CRAWLCRAW』,【イベント】INFINITY LIVE presents『CRAWLCRAW』,2026-08-17.txt
2026-03-07,12:50,11:15,7brqedd9v9c5gjgget34h991ch@google.com,4,Begin the Journey!,no,no,no,,渋谷CLUB CRAWL,INFINITY LIVE presents『CRAWLCRAW』,【イベント】INFINITY LIVE presents『CRAWLCRAW』,2026-08-17.txt
2026-03-07,12:50,11:15,7brqedd9v9c5gjgget34h991ch@google.com,5,朝焼けと車窓,no,no,no,,渋谷CLUB CRAWL,INFINITY LIVE presents『CRAWLCRAW』,【イベント】INFINITY LIVE presents『CRAWLCRAW』,2026-08-17.txt
2026-03-07,12:50,11:15,7brqedd9v9c5gjgget34h991ch@google.com,6,ルミナス,no,no,no,,渋谷CLUB CRAWL,INFINITY LIVE presents『CRAWLCRAW』,【イベント】INFINITY LIVE presents『CRAWLCRAW』,2026-08-17.txt
2026-03-07,12:50,11:15,7brqedd9v9c5gjgget34h991ch@google.com,7,プライマリ,no,no,no,拡張イントロ,渋谷CLUB CRAWL,INFINITY LIVE presents『CRAWLCRAW』,【イベント】INFINITY LIVE presents『CRAWLCRAW』,2026-08-17.txt
2026-03-08,15:00,15:00,45t9d4mp7u13948oe348kphgh1@google.com,1,SE,yes,no,no,,新宿MARZ,INFINITY LIVE presents『FIRST LIGHT - TRINITY RISE - 』,【イベント】INFINITY LIVE presents『FIRST LIGHT - TRINITY RISE - 』,2026-08-17.txt
2026-03-08,15:00,15:00,45t9d4mp7u13948oe348kphgh1@google.com,2,ラブストーリーが始まらない,no,no,no,,新宿MARZ,INFINITY LIVE presents『FIRST LIGHT - TRINITY RISE - 』,【イベント】INFINITY LIVE presents『FIRST LIGHT - TRINITY RISE - 』,2026-08-17.txt
2026-03-08,15:00,15:00,45t9d4mp7u13948oe348kphgh1@google.com,3,Blooming,no,no,no,,新宿MARZ,INFINITY LIVE presents『FIRST LIGHT - TRINITY RISE - 』,【イベント】INFINITY LIVE presents『FIRST LIGHT - TRINITY RISE - 』,2026-08-17.txt
2026-03-08,15:00,15:00,45t9d4mp7u13948oe348kphgh1@google.com,4,Moving Lights!,no,no,no,,新宿MARZ,INFINITY LIVE presents『FIRST LIGHT - TRINITY RISE - 』,【イベント】INFINITY LIVE presents『FIRST LIGHT - TRINITY RISE - 』,2026-08-17.txt
2026-03-08,15:00,15:00,45t9d4mp7u13948oe348kphgh1@google.com,5,Interlude,no,yes,no,,新宿MARZ,INFINITY LIVE presents『FIRST LIGHT - TRINITY RISE - 』,【イベント】INFINITY LIVE presents『FIRST LIGHT - TRINITY RISE - 』,2026-08-17.txt
2026-03-08,15:00,15:00,45t9d4mp7u13948oe348kphgh1@google.com,6,Begin the Journey!,no,no,no,,新宿MARZ,INFINITY LIVE presents『FIRST LIGHT - TRINITY RISE - 』,【イベント】INFINITY LIVE presents『FIRST LIGHT - TRINITY RISE - 』,2026-08-17.txt
2026-03-08,15:00,15:00,45t9d4mp7u13948oe348kphgh1@google.com,7,ルミナス,no,no,no,,新宿MARZ,INFINITY LIVE presents『FIRST LIGHT - TRINITY RISE - 』,【イベント】INFINITY LIVE presents『FIRST LIGHT - TRINITY RISE - 』,2026-08-17.txt
2026-03-08,15:00,15:00,45t9d4mp7u13948oe348kphgh1@google.com,8,朝焼けと車窓,no,no,no,,新宿MARZ,INFINITY LIVE presents『FIRST LIGHT - TRINITY RISE - 』,【イベント】INFINITY LIVE presents『FIRST LIGHT - TRINITY RISE - 』,2026-08-17.txt
2026-03-08,15:00,15:00,45t9d4mp7u13948oe348kphgh1@google.com,9,"Dear,History",no,no,no,,新宿MARZ,INFINITY LIVE presents『FIRST LIGHT - TRINITY RISE - 』,【イベント】INFINITY LIVE presents『FIRST LIGHT - TRINITY RISE - 』,2026-08-17.txt
2026-03-10,19:30,19:00,59tdldskrp5gmf77h9vo8efu7m@google.com,1,SE,yes,no,no,,渋谷近未来会館,#ﾆｷﾌﾟﾚ『シキサイ。』,【イベント】#ﾆｷﾌﾟﾚ『シキサイ。』,2026-08-17.txt
2026-03-10,19:30,19:00,59tdldskrp5gmf77h9vo8efu7m@google.com,2,"Dear,History",no,no,no,,渋谷近未来会館,#ﾆｷﾌﾟﾚ『シキサイ。』,【イベント】#ﾆｷﾌﾟﾚ『シキサイ。』,2026-08-17.txt
2026-03-10,19:30,19:00,59tdldskrp5gmf77h9vo8efu7m@google.com,3,Moving Lights!,no,no,no,,渋谷近未来会館,#ﾆｷﾌﾟﾚ『シキサイ。』,【イベント】#ﾆｷﾌﾟﾚ『シキサイ。』,2026-08-17.txt
2026-03-10,19:30,19:00,59tdldskrp5gmf77h9vo8efu7m@google.com,4,描きかけの空,no,no,no,,渋谷近未来会館,#ﾆｷﾌﾟﾚ『シキサイ。』,【イベント】#ﾆｷﾌﾟﾚ『シキサイ。』,2026-08-17.txt
2026-03-10,19:30,19:00,59tdldskrp5gmf77h9vo8efu7m@google.com,5,ラブストーリーが始まらない,no,no,no,,渋谷近未来会館,#ﾆｷﾌﾟﾚ『シキサイ。』,【イベント】#ﾆｷﾌﾟﾚ『シキサイ。』,2026-08-17.txt
2026-03-10,19:30,19:00,59tdldskrp5gmf77h9vo8efu7m@google.com,6,ルミナス,no,no,no,,渋谷近未来会館,#ﾆｷﾌﾟﾚ『シキサイ。』,【イベント】#ﾆｷﾌﾟﾚ『シキサイ。』,2026-08-17.txt
2026-03-10,19:30,19:00,59tdldskrp5gmf77h9vo8efu7m@google.com,7,朝焼けと車窓,no,no,no,,渋谷近未来会館,#ﾆｷﾌﾟﾚ『シキサイ。』,【イベント】#ﾆｷﾌﾟﾚ『シキサイ。』,2026-08-17.txt
2026-03-10,19:30,19:00,59tdldskrp5gmf77h9vo8efu7m@google.com,8,プライマリ,no,no,no,拡張イントロ,渋谷近未来会館,#ﾆｷﾌﾟﾚ『シキサイ。』,【イベント】#ﾆｷﾌﾟﾚ『シキサイ。』,2026-08-17.txt
2026-03-14,12:30,12:00,03o6a2s7dfuvl7sc216ibji69b@google.com,1,SE,yes,no,no,,Flowers Loft,『IDOL FILE CITY CULTURE CIRCUIT 2026』,【イベント】『IDOL FILE CITY CULTURE CIRCUIT 2026』,2026-08-17.txt
2026-03-14,12:30,12:00,03o6a2s7dfuvl7sc216ibji69b@google.com,2,朝焼けと車窓,no,no,no,,Flowers Loft,『IDOL FILE CITY CULTURE CIRCUIT 2026』,【イベント】『IDOL FILE CITY CULTURE CIRCUIT 2026』,2026-08-17.txt
2026-03-14,12:30,12:00,03o6a2s7dfuvl7sc216ibji69b@google.com,3,Blooming,no,no,no,,Flowers Loft,『IDOL FILE CITY CULTURE CIRCUIT 2026』,【イベント】『IDOL FILE CITY CULTURE CIRCUIT 2026』,2026-08-17.txt
2026-03-14,12:30,12:00,03o6a2s7dfuvl7sc216ibji69b@google.com,4,Moving Lights!,no,no,no,,Flowers Loft,『IDOL FILE CITY CULTURE CIRCUIT 2026』,【イベント】『IDOL FILE CITY CULTURE CIRCUIT 2026』,2026-08-17.txt
2026-03-14,12:30,12:00,03o6a2s7dfuvl7sc216ibji69b@google.com,5,Interlude,no,yes,no,,Flowers Loft,『IDOL FILE CITY CULTURE CIRCUIT 2026』,【イベント】『IDOL FILE CITY CULTURE CIRCUIT 2026』,2026-08-17.txt
2026-03-14,12:30,12:00,03o6a2s7dfuvl7sc216ibji69b@google.com,6,Begin the Journey!,no,no,no,,Flowers Loft,『IDOL FILE CITY CULTURE CIRCUIT 2026』,【イベント】『IDOL FILE CITY CULTURE CIRCUIT 2026』,2026-08-17.txt
2026-03-14,12:30,12:00,03o6a2s7dfuvl7sc216ibji69b@google.com,7,描きかけの空,no,no,no,,Flowers Loft,『IDOL FILE CITY CULTURE CIRCUIT 2026』,【イベント】『IDOL FILE CITY CULTURE CIRCUIT 2026』,2026-08-17.txt
2026-03-14,12:30,12:00,03o6a2s7dfuvl7sc216ibji69b@google.com,8,ルミナス,no,no,no,,Flowers Loft,『IDOL FILE CITY CULTURE CIRCUIT 2026』,【イベント】『IDOL FILE CITY CULTURE CIRCUIT 2026』,2026-08-17.txt
2026-03-15,,12:00,4gnk8ortbamu12bf9dvm6vimvc@google.com,1,SE(プライマリ),yes,no,no,,下北沢SHELTER,Drawry.主催イベント「小宵めみ生誕」,【イベント】Drawry.主催イベント「小宵めみ生誕」,2026-08-17.txt
2026-03-15,,12:00,4gnk8ortbamu12bf9dvm6vimvc@google.com,2,プライマリ,no,no,no,,下北沢SHELTER,Drawry.主催イベント「小宵めみ生誕」,【イベント】Drawry.主催イベント「小宵めみ生誕」,2026-08-17.txt
2026-03-15,,12:00,4gnk8ortbamu12bf9dvm6vimvc@google.com,3,Blooming,no,no,no,,下北沢SHELTER,Drawry.主催イベント「小宵めみ生誕」,【イベント】Drawry.主催イベント「小宵めみ生誕」,2026-08-17.txt
2026-03-15,,12:00,4gnk8ortbamu12bf9dvm6vimvc@google.com,4,Moving Lights!,no,no,no,,下北沢SHELTER,Drawry.主催イベント「小宵めみ生誕」,【イベント】Drawry.主催イベント「小宵めみ生誕」,2026-08-17.txt
2026-03-15,,12:00,4gnk8ortbamu12bf9dvm6vimvc@google.com,5,Interlude,no,yes,no,,下北沢SHELTER,Drawry.主催イベント「小宵めみ生誕」,【イベント】Drawry.主催イベント「小宵めみ生誕」,2026-08-17.txt
2026-03-15,,12:00,4gnk8ortbamu12bf9dvm6vimvc@google.com,6,Begin the Journey!,no,no,no,,下北沢SHELTER,Drawry.主催イベント「小宵めみ生誕」,【イベント】Drawry.主催イベント「小宵めみ生誕」,2026-08-17.txt
2026-03-15,,12:00,4gnk8ortbamu12bf9dvm6vimvc@google.com,7,Interlude,no,yes,no,初披露,下北沢SHELTER,Drawry.主催イベント「小宵めみ生誕」,【イベント】Drawry.主催イベント「小宵めみ生誕」,2026-08-17.txt
2026-03-15,,12:00,4gnk8ortbamu12bf9dvm6vimvc@google.com,8,ラブストーリーが始まらない,no,no,no,,下北沢SHELTER,Drawry.主催イベント「小宵めみ生誕」,【イベント】Drawry.主催イベント「小宵めみ生誕」,2026-08-17.txt
2026-03-15,,12:00,4gnk8ortbamu12bf9dvm6vimvc@google.com,9,描きかけの空,no,no,no,,下北沢SHELTER,Drawry.主催イベント「小宵めみ生誕」,【イベント】Drawry.主催イベント「小宵めみ生誕」,2026-08-17.txt
2026-03-15,,12:00,4gnk8ortbamu12bf9dvm6vimvc@google.com,10,朝焼けと車窓,no,no,no,,下北沢SHELTER,Drawry.主催イベント「小宵めみ生誕」,【イベント】Drawry.主催イベント「小宵めみ生誕」,2026-08-17.txt
2026-03-15,,12:00,4gnk8ortbamu12bf9dvm6vimvc@google.com,11,"Dear,History",no,no,no,,下北沢SHELTER,Drawry.主催イベント「小宵めみ生誕」,【イベント】Drawry.主催イベント「小宵めみ生誕」,2026-08-17.txt
2026-03-15,,12:00,4gnk8ortbamu12bf9dvm6vimvc@google.com,12,ルミナス,no,no,yes,,下北沢SHELTER,Drawry.主催イベント「小宵めみ生誕」,【イベント】Drawry.主催イベント「小宵めみ生誕」,2026-08-17.txt
2026-03-20,13:00,13:00,1glmsbf0fvl02rc01sph283snh@google.com,1,SE,yes,no,no,,タワーレコード新宿店,1st EP「First Lines」リリースイベント,【リリースイベント】タワーレコード新宿店,2026-08-17.txt
2026-03-20,13:00,13:00,1glmsbf0fvl02rc01sph283snh@google.com,2,Blooming,no,no,no,,タワーレコード新宿店,1st EP「First Lines」リリースイベント,【リリースイベント】タワーレコード新宿店,2026-08-17.txt
2026-03-20,13:00,13:00,1glmsbf0fvl02rc01sph283snh@google.com,3,ラブストーリーが始まらない,no,no,no,,タワーレコード新宿店,1st EP「First Lines」リリースイベント,【リリースイベント】タワーレコード新宿店,2026-08-17.txt
2026-03-20,13:00,13:00,1glmsbf0fvl02rc01sph283snh@google.com,4,描きかけの空,no,no,no,,タワーレコード新宿店,1st EP「First Lines」リリースイベント,【リリースイベント】タワーレコード新宿店,2026-08-17.txt
2026-03-20,13:00,13:00,1glmsbf0fvl02rc01sph283snh@google.com,5,Moving Lights!,no,no,no,,タワーレコード新宿店,1st EP「First Lines」リリースイベント,【リリースイベント】タワーレコード新宿店,2026-08-17.txt
2026-03-20,13:00,13:00,1glmsbf0fvl02rc01sph283snh@google.com,6,ルミナス,no,no,no,,タワーレコード新宿店,1st EP「First Lines」リリースイベント,【リリースイベント】タワーレコード新宿店,2026-08-17.txt
2026-03-20,13:00,13:00,1glmsbf0fvl02rc01sph283snh@google.com,7,朝焼けと車窓,no,no,no,,タワーレコード新宿店,1st EP「First Lines」リリースイベント,【リリースイベント】タワーレコード新宿店,2026-08-17.txt
2026-03-20,13:00,13:00,1glmsbf0fvl02rc01sph283snh@google.com,8,"Dear,History",no,no,no,,タワーレコード新宿店,1st EP「First Lines」リリースイベント,【リリースイベント】タワーレコード新宿店,2026-08-17.txt
2026-03-20,17:05,14:00,4p8jnmpuv4254ki49a3jcsjq5m@google.com,1,SE,yes,no,no,,銀座BASE GRANBELL,「IDOLGROW vol.22」,【イベント】「IDOLGROW vol.22」,2026-08-17.txt
2026-03-20,17:05,14:00,4p8jnmpuv4254ki49a3jcsjq5m@google.com,2,"Dear,History",no,no,no,,銀座BASE GRANBELL,「IDOLGROW vol.22」,【イベント】「IDOLGROW vol.22」,2026-08-17.txt
2026-03-20,17:05,14:00,4p8jnmpuv4254ki49a3jcsjq5m@google.com,3,朝焼けと車窓,no,no,no,,銀座BASE GRANBELL,「IDOLGROW vol.22」,【イベント】「IDOLGROW vol.22」,2026-08-17.txt
2026-03-20,17:05,14:00,4p8jnmpuv4254ki49a3jcsjq5m@google.com,4,Begin the Journey!,no,no,no,,銀座BASE GRANBELL,「IDOLGROW vol.22」,【イベント】「IDOLGROW vol.22」,2026-08-17.txt
2026-03-20,17:05,14:00,4p8jnmpuv4254ki49a3jcsjq5m@google.com,5,ルミナス,no,no,no,,銀座BASE GRANBELL,「IDOLGROW vol.22」,【イベント】「IDOLGROW vol.22」,2026-08-17.txt
2026-03-20,17:05,14:00,4p8jnmpuv4254ki49a3jcsjq5m@google.com,6,Interlude,no,yes,no,,銀座BASE GRANBELL,「IDOLGROW vol.22」,【イベント】「IDOLGROW vol.22」,2026-08-17.txt
2026-03-20,17:05,14:00,4p8jnmpuv4254ki49a3jcsjq5m@google.com,7,ラブストーリーが始まらない,no,no,no,,銀座BASE GRANBELL,「IDOLGROW vol.22」,【イベント】「IDOLGROW vol.22」,2026-08-17.txt
2026-03-20,17:05,14:00,4p8jnmpuv4254ki49a3jcsjq5m@google.com,8,描きかけの空,no,no,no,,銀座BASE GRANBELL,「IDOLGROW vol.22」,【イベント】「IDOLGROW vol.22」,2026-08-17.txt
2026-03-20,17:05,14:00,4p8jnmpuv4254ki49a3jcsjq5m@google.com,9,プライマリ,no,no,no,拡張イントロ,銀座BASE GRANBELL,「IDOLGROW vol.22」,【イベント】「IDOLGROW vol.22」,2026-08-17.txt
2026-03-21,12:05,11:00,63q4t383k4k3it2ichhckg90ha@google.com,1,SE(Moving Lights!),yes,no,no,,SHIBUYA RING,「LEADING SPRING Circuit」,【イベント】「LEADING SPRING Circuit」,2026-08-17.txt
2026-03-21,12:05,11:00,63q4t383k4k3it2ichhckg90ha@google.com,2,Moving Lights!,no,no,no,,SHIBUYA RING,「LEADING SPRING Circuit」,【イベント】「LEADING SPRING Circuit」,2026-08-17.txt
2026-03-21,12:05,11:00,63q4t383k4k3it2ichhckg90ha@google.com,3,Interlude,no,yes,no,,SHIBUYA RING,「LEADING SPRING Circuit」,【イベント】「LEADING SPRING Circuit」,2026-08-17.txt
2026-03-21,12:05,11:00,63q4t383k4k3it2ichhckg90ha@google.com,4,Begin the Journey!,no,no,no,,SHIBUYA RING,「LEADING SPRING Circuit」,【イベント】「LEADING SPRING Circuit」,2026-08-17.txt
2026-03-21,12:05,11:00,63q4t383k4k3it2ichhckg90ha@google.com,5,描きかけの空,no,no,no,,SHIBUYA RING,「LEADING SPRING Circuit」,【イベント】「LEADING SPRING Circuit」,2026-08-17.txt
2026-03-21,12:05,11:00,63q4t383k4k3it2ichhckg90ha@google.com,6,ルミナス,no,no,no,,SHIBUYA RING,「LEADING SPRING Circuit」,【イベント】「LEADING SPRING Circuit」,2026-08-17.txt
2026-03-21,12:05,11:00,63q4t383k4k3it2ichhckg90ha@google.com,7,朝焼けと車窓,no,no,no,,SHIBUYA RING,「LEADING SPRING Circuit」,【イベント】「LEADING SPRING Circuit」,2026-08-17.txt
2026-03-22,13:20,11:30,30j5uccf4prpk1abiqju6u11oi@google.com,1,SE,yes,no,no,,Flowers Loft,『脱却FES 2026』,【イベント】『脱却FES 2026』,2026-08-17.txt
2026-03-22,13:20,11:30,30j5uccf4prpk1abiqju6u11oi@google.com,2,ラブストーリーが始まらない,no,no,no,,Flowers Loft,『脱却FES 2026』,【イベント】『脱却FES 2026』,2026-08-17.txt
2026-03-22,13:20,11:30,30j5uccf4prpk1abiqju6u11oi@google.com,3,描きかけの空,no,no,no,,Flowers Loft,『脱却FES 2026』,【イベント】『脱却FES 2026』,2026-08-17.txt
2026-03-22,13:20,11:30,30j5uccf4prpk1abiqju6u11oi@google.com,4,Begin the Journey!,no,no,no,,Flowers Loft,『脱却FES 2026』,【イベント】『脱却FES 2026』,2026-08-17.txt
2026-03-22,13:20,11:30,30j5uccf4prpk1abiqju6u11oi@google.com,5,ルミナス,no,no,no,,Flowers Loft,『脱却FES 2026』,【イベント】『脱却FES 2026』,2026-08-17.txt
2026-03-22,13:20,11:30,30j5uccf4prpk1abiqju6u11oi@google.com,6,朝焼けと車窓,no,no,no,,Flowers Loft,『脱却FES 2026』,【イベント】『脱却FES 2026』,2026-08-17.txt
2026-03-22,13:20,11:30,30j5uccf4prpk1abiqju6u11oi@google.com,7,"Dear,History",no,no,no,,Flowers Loft,『脱却FES 2026』,【イベント】『脱却FES 2026』,2026-08-17.txt
2026-03-28,11:55,11:55,6b04264e877dvp9qqft2849ra3@google.com,1,スタンドバイミー,no,no,no,初披露,Spotify O-Crest,Drawry.1st ONEMAN LIVE「I Believe」,(Sold out)【1st ONEMAN LIVE】「I Believe」,2026-08-17.txt
2026-03-28,11:55,11:55,6b04264e877dvp9qqft2849ra3@google.com,2,Blooming,no,no,no,,Spotify O-Crest,Drawry.1st ONEMAN LIVE「I Believe」,(Sold out)【1st ONEMAN LIVE】「I Believe」,2026-08-17.txt
2026-03-28,11:55,11:55,6b04264e877dvp9qqft2849ra3@google.com,3,Moving Lights!,no,no,no,,Spotify O-Crest,Drawry.1st ONEMAN LIVE「I Believe」,(Sold out)【1st ONEMAN LIVE】「I Believe」,2026-08-17.txt
2026-03-28,11:55,11:55,6b04264e877dvp9qqft2849ra3@google.com,4,Interlude,no,yes,no,,Spotify O-Crest,Drawry.1st ONEMAN LIVE「I Believe」,(Sold out)【1st ONEMAN LIVE】「I Believe」,2026-08-17.txt
2026-03-28,11:55,11:55,6b04264e877dvp9qqft2849ra3@google.com,5,Begin the Journey!,no,no,no,,Spotify O-Crest,Drawry.1st ONEMAN LIVE「I Believe」,(Sold out)【1st ONEMAN LIVE】「I Believe」,2026-08-17.txt
2026-03-28,11:55,11:55,6b04264e877dvp9qqft2849ra3@google.com,6,ラブストーリーが始まらない,no,no,no,,Spotify O-Crest,Drawry.1st ONEMAN LIVE「I Believe」,(Sold out)【1st ONEMAN LIVE】「I Believe」,2026-08-17.txt
2026-03-28,11:55,11:55,6b04264e877dvp9qqft2849ra3@google.com,7,プライマリ,no,no,no,拡張イントロ,Spotify O-Crest,Drawry.1st ONEMAN LIVE「I Believe」,(Sold out)【1st ONEMAN LIVE】「I Believe」,2026-08-17.txt
2026-03-28,11:55,11:55,6b04264e877dvp9qqft2849ra3@google.com,8,Draw a line,no,no,no,初披露,Spotify O-Crest,Drawry.1st ONEMAN LIVE「I Believe」,(Sold out)【1st ONEMAN LIVE】「I Believe」,2026-08-17.txt
2026-03-28,11:55,11:55,6b04264e877dvp9qqft2849ra3@google.com,9,描きかけの空,no,no,no,,Spotify O-Crest,Drawry.1st ONEMAN LIVE「I Believe」,(Sold out)【1st ONEMAN LIVE】「I Believe」,2026-08-17.txt
2026-03-28,11:55,11:55,6b04264e877dvp9qqft2849ra3@google.com,10,ルミナス,no,no,no,,Spotify O-Crest,Drawry.1st ONEMAN LIVE「I Believe」,(Sold out)【1st ONEMAN LIVE】「I Believe」,2026-08-17.txt
2026-03-28,11:55,11:55,6b04264e877dvp9qqft2849ra3@google.com,11,朝焼けと車窓,no,no,no,,Spotify O-Crest,Drawry.1st ONEMAN LIVE「I Believe」,(Sold out)【1st ONEMAN LIVE】「I Believe」,2026-08-17.txt
2026-03-28,11:55,11:55,6b04264e877dvp9qqft2849ra3@google.com,12,タイムカプセル,no,no,no,初披露,Spotify O-Crest,Drawry.1st ONEMAN LIVE「I Believe」,(Sold out)【1st ONEMAN LIVE】「I Believe」,2026-08-17.txt
2026-03-28,11:55,11:55,6b04264e877dvp9qqft2849ra3@google.com,13,"Dear,History",no,no,yes,,Spotify O-Crest,Drawry.1st ONEMAN LIVE「I Believe」,(Sold out)【1st ONEMAN LIVE】「I Believe」,2026-08-17.txt
2026-03-29,18:45,11:30,1049cqce66b9j6aes9qr80dbh9@google.com,1,SE(Draw a Story),yes,no,no,,Flowers Loft,『脱却』,【イベント】『脱却』,2026-08-17.txt
2026-03-29,18:45,11:30,1049cqce66b9j6aes9qr80dbh9@google.com,2,"Dear,History",no,no,no,,Flowers Loft,『脱却』,【イベント】『脱却』,2026-08-17.txt
2026-03-29,18:45,11:30,1049cqce66b9j6aes9qr80dbh9@google.com,3,描きかけの空,no,no,no,,Flowers Loft,『脱却』,【イベント】『脱却』,2026-08-17.txt
2026-03-29,18:45,11:30,1049cqce66b9j6aes9qr80dbh9@google.com,4,ルミナス,no,no,no,,Flowers Loft,『脱却』,【イベント】『脱却』,2026-08-17.txt
2026-03-29,18:45,11:30,1049cqce66b9j6aes9qr80dbh9@google.com,5,朝焼けと車窓,no,no,no,,Flowers Loft,『脱却』,【イベント】『脱却』,2026-08-17.txt
2026-03-29,18:45,11:30,1049cqce66b9j6aes9qr80dbh9@google.com,6,タイムカプセル,no,no,no,,Flowers Loft,『脱却』,【イベント】『脱却』,2026-08-17.txt
2026-03-29,18:45,11:30,1049cqce66b9j6aes9qr80dbh9@google.com,7,スタンドバイミー,no,no,no,,Flowers Loft,『脱却』,【イベント】『脱却』,2026-08-17.txt
2026-04-04,,11:30,39u2voll41gsharfn8iqkn2gfk@google.com,1,SE(Draw a Story),yes,no,no,,下北沢MOSAiC,Drawry.主催イベント「I Believe -After party-」,【イベント】Drawry.主催イベント「I Believe -After party-」,2026-08-17.txt
2026-04-04,,11:30,39u2voll41gsharfn8iqkn2gfk@google.com,2,"Dear,History",no,no,no,,下北沢MOSAiC,Drawry.主催イベント「I Believe -After party-」,【イベント】Drawry.主催イベント「I Believe -After party-」,2026-08-17.txt
2026-04-04,,11:30,39u2voll41gsharfn8iqkn2gfk@google.com,3,Blooming,no,no,no,,下北沢MOSAiC,Drawry.主催イベント「I Believe -After party-」,【イベント】Drawry.主催イベント「I Believe -After party-」,2026-08-17.txt
2026-04-04,,11:30,39u2voll41gsharfn8iqkn2gfk@google.com,4,Begin the Journey!,no,no,no,,下北沢MOSAiC,Drawry.主催イベント「I Believe -After party-」,【イベント】Drawry.主催イベント「I Believe -After party-」,2026-08-17.txt
2026-04-04,,11:30,39u2voll41gsharfn8iqkn2gfk@google.com,5,Interlude,no,yes,no,,下北沢MOSAiC,Drawry.主催イベント「I Believe -After party-」,【イベント】Drawry.主催イベント「I Believe -After party-」,2026-08-17.txt
2026-04-04,,11:30,39u2voll41gsharfn8iqkn2gfk@google.com,6,ラブストーリーが始まらない,no,no,no,,下北沢MOSAiC,Drawry.主催イベント「I Believe -After party-」,【イベント】Drawry.主催イベント「I Believe -After party-」,2026-08-17.txt
2026-04-04,,11:30,39u2voll41gsharfn8iqkn2gfk@google.com,7,プライマリ,no,no,no,拡張イントロ,下北沢MOSAiC,Drawry.主催イベント「I Believe -After party-」,【イベント】Drawry.主催イベント「I Believe -After party-」,2026-08-17.txt
2026-04-04,,11:30,39u2voll41gsharfn8iqkn2gfk@google.com,8,Draw a line,no,no,no,,下北沢MOSAiC,Drawry.主催イベント「I Believe -After party-」,【イベント】Drawry.主催イベント「I Believe -After party-」,2026-08-17.txt
2026-04-04,,11:30,39u2voll41gsharfn8iqkn2gfk@google.com,9,ルミナス,no,no,no,,下北沢MOSAiC,Drawry.主催イベント「I Believe -After party-」,【イベント】Drawry.主催イベント「I Believe -After party-」,2026-08-17.txt
2026-04-04,,11:30,39u2voll41gsharfn8iqkn2gfk@google.com,10,朝焼けと車窓,no,no,no,,下北沢MOSAiC,Drawry.主催イベント「I Believe -After party-」,【イベント】Drawry.主催イベント「I Believe -After party-」,2026-08-17.txt
2026-04-04,,11:30,39u2voll41gsharfn8iqkn2gfk@google.com,11,スタンドバイミー,no,no,no,,下北沢MOSAiC,Drawry.主催イベント「I Believe -After party-」,【イベント】Drawry.主催イベント「I Believe -After party-」,2026-08-17.txt
2026-04-04,,11:30,39u2voll41gsharfn8iqkn2gfk@google.com,12,タイムカプセル,no,no,yes,,下北沢MOSAiC,Drawry.主催イベント「I Believe -After party-」,【イベント】Drawry.主催イベント「I Believe -After party-」,2026-08-17.txt
2026-04-05,13:15,10:45,0nlfb9uouk3m75rvigvkkfd9cj@google.com,1,スタンドバイミー,no,no,no,,Flowers Loft,INFINITY LIVE presents『ASTROPUFF』,【イベント】INFINITY LIVE presents『ASTROPUFF』,2026-08-17.txt
2026-04-05,13:15,10:45,0nlfb9uouk3m75rvigvkkfd9cj@google.com,2,朝焼けと車窓,no,no,no,,Flowers Loft,INFINITY LIVE presents『ASTROPUFF』,【イベント】INFINITY LIVE presents『ASTROPUFF』,2026-08-17.txt
2026-04-05,13:15,10:45,0nlfb9uouk3m75rvigvkkfd9cj@google.com,3,Interlude,no,yes,no,,Flowers Loft,INFINITY LIVE presents『ASTROPUFF』,【イベント】INFINITY LIVE presents『ASTROPUFF』,2026-08-17.txt
2026-04-05,13:15,10:45,0nlfb9uouk3m75rvigvkkfd9cj@google.com,4,ラブストーリーが始まらない,no,no,no,,Flowers Loft,INFINITY LIVE presents『ASTROPUFF』,【イベント】INFINITY LIVE presents『ASTROPUFF』,2026-08-17.txt
2026-04-05,13:15,10:45,0nlfb9uouk3m75rvigvkkfd9cj@google.com,5,描きかけの空,no,no,no,,Flowers Loft,INFINITY LIVE presents『ASTROPUFF』,【イベント】INFINITY LIVE presents『ASTROPUFF』,2026-08-17.txt
2026-04-05,13:15,10:45,0nlfb9uouk3m75rvigvkkfd9cj@google.com,6,ルミナス,no,no,no,,Flowers Loft,INFINITY LIVE presents『ASTROPUFF』,【イベント】INFINITY LIVE presents『ASTROPUFF』,2026-08-17.txt
2026-04-05,13:15,10:45,0nlfb9uouk3m75rvigvkkfd9cj@google.com,7,タイムカプセル,no,no,no,,Flowers Loft,INFINITY LIVE presents『ASTROPUFF』,【イベント】INFINITY LIVE presents『ASTROPUFF』,2026-08-17.txt
2026-04-11,13:20,10:50,2v5r8qghdpp13b322f5bungth9@google.com,1,SE(スタンドバイミー),yes,no,no,,大塚FUTURE:,『Buenos días desde Otsuka.』,【イベント】『Buenos días desde Otsuka.』,2026-08-17.txt
2026-04-11,13:20,10:50,2v5r8qghdpp13b322f5bungth9@google.com,2,"Dear,History",no,no,no,,大塚FUTURE:,『Buenos días desde Otsuka.』,【イベント】『Buenos días desde Otsuka.』,2026-08-17.txt
2026-04-11,13:20,10:50,2v5r8qghdpp13b322f5bungth9@google.com,3,Blooming,no,no,no,,大塚FUTURE:,『Buenos días desde Otsuka.』,【イベント】『Buenos días desde Otsuka.』,2026-08-17.txt
2026-04-11,13:20,10:50,2v5r8qghdpp13b322f5bungth9@google.com,4,Moving Lights!,no,no,no,,大塚FUTURE:,『Buenos días desde Otsuka.』,【イベント】『Buenos días desde Otsuka.』,2026-08-17.txt
2026-04-11,13:20,10:50,2v5r8qghdpp13b322f5bungth9@google.com,5,ルミナス,no,no,no,,大塚FUTURE:,『Buenos días desde Otsuka.』,【イベント】『Buenos días desde Otsuka.』,2026-08-17.txt
2026-04-11,13:20,10:50,2v5r8qghdpp13b322f5bungth9@google.com,6,朝焼けと車窓,no,no,no,,大塚FUTURE:,『Buenos días desde Otsuka.』,【イベント】『Buenos días desde Otsuka.』,2026-08-17.txt
2026-04-11,13:20,10:50,2v5r8qghdpp13b322f5bungth9@google.com,7,スタンドバイミー,no,no,no,,大塚FUTURE:,『Buenos días desde Otsuka.』,【イベント】『Buenos días desde Otsuka.』,2026-08-17.txt
2026-04-14,20:20,18:50,3k8gn3h0etaukbpvhg3jvkierr@google.com,1,SE(Moving Lights!),yes,no,no,,渋谷チェルシーホテル,#ﾆｷﾌﾟﾚ『シキサイ。』,【イベント】#ﾆｷﾌﾟﾚ『シキサイ。』,2026-08-17.txt
2026-04-14,20:20,18:50,3k8gn3h0etaukbpvhg3jvkierr@google.com,2,Moving Lights!,no,no,no,,渋谷チェルシーホテル,#ﾆｷﾌﾟﾚ『シキサイ。』,【イベント】#ﾆｷﾌﾟﾚ『シキサイ。』,2026-08-17.txt
2026-04-14,20:20,18:50,3k8gn3h0etaukbpvhg3jvkierr@google.com,3,Interlude,no,yes,no,,渋谷チェルシーホテル,#ﾆｷﾌﾟﾚ『シキサイ。』,【イベント】#ﾆｷﾌﾟﾚ『シキサイ。』,2026-08-17.txt
2026-04-14,20:20,18:50,3k8gn3h0etaukbpvhg3jvkierr@google.com,4,Begin the Journey!,no,no,no,,渋谷チェルシーホテル,#ﾆｷﾌﾟﾚ『シキサイ。』,【イベント】#ﾆｷﾌﾟﾚ『シキサイ。』,2026-08-17.txt
2026-04-14,20:20,18:50,3k8gn3h0etaukbpvhg3jvkierr@google.com,5,ラブストーリーが始まらない,no,no,no,,渋谷チェルシーホテル,#ﾆｷﾌﾟﾚ『シキサイ。』,【イベント】#ﾆｷﾌﾟﾚ『シキサイ。』,2026-08-17.txt
2026-04-14,20:20,18:50,3k8gn3h0etaukbpvhg3jvkierr@google.com,6,Draw a line,no,no,no,,渋谷チェルシーホテル,#ﾆｷﾌﾟﾚ『シキサイ。』,【イベント】#ﾆｷﾌﾟﾚ『シキサイ。』,2026-08-17.txt
2026-04-14,20:20,18:50,3k8gn3h0etaukbpvhg3jvkierr@google.com,7,スタンドバイミー,no,no,no,,渋谷チェルシーホテル,#ﾆｷﾌﾟﾚ『シキサイ。』,【イベント】#ﾆｷﾌﾟﾚ『シキサイ。』,2026-08-17.txt
2026-04-14,20:20,18:50,3k8gn3h0etaukbpvhg3jvkierr@google.com,8,朝焼けと車窓,no,no,no,,渋谷チェルシーホテル,#ﾆｷﾌﾟﾚ『シキサイ。』,【イベント】#ﾆｷﾌﾟﾚ『シキサイ。』,2026-08-17.txt
2026-04-14,20:20,18:50,3k8gn3h0etaukbpvhg3jvkierr@google.com,9,タイムカプセル,no,no,no,,渋谷チェルシーホテル,#ﾆｷﾌﾟﾚ『シキサイ。』,【イベント】#ﾆｷﾌﾟﾚ『シキサイ。』,2026-08-17.txt
2026-04-18,12:00,12:00,0t6gv7f3qcjsa6sgn9pd6l0p15@google.com,1,SE(Draw a Story),yes,no,no,,いわき湯本温泉 旅館こいと,エクストロメ‼️ presents『トロメ〜湯♨️』,【イベント】エクストロメ‼ presents『トロメ〜湯♨️』,2026-08-17.txt
2026-04-18,12:00,12:00,0t6gv7f3qcjsa6sgn9pd6l0p15@google.com,2,Blooming,no,no,no,,いわき湯本温泉 旅館こいと,エクストロメ‼️ presents『トロメ〜湯♨️』,【イベント】エクストロメ‼ presents『トロメ〜湯♨️』,2026-08-17.txt
2026-04-18,12:00,12:00,0t6gv7f3qcjsa6sgn9pd6l0p15@google.com,3,Moving Lights!,no,no,no,,いわき湯本温泉 旅館こいと,エクストロメ‼️ presents『トロメ〜湯♨️』,【イベント】エクストロメ‼ presents『トロメ〜湯♨️』,2026-08-17.txt
2026-04-18,12:00,12:00,0t6gv7f3qcjsa6sgn9pd6l0p15@google.com,4,Interlude,no,yes,no,,いわき湯本温泉 旅館こいと,エクストロメ‼️ presents『トロメ〜湯♨️』,【イベント】エクストロメ‼ presents『トロメ〜湯♨️』,2026-08-17.txt
2026-04-18,12:00,12:00,0t6gv7f3qcjsa6sgn9pd6l0p15@google.com,5,Begin the Journey!,no,no,no,,いわき湯本温泉 旅館こいと,エクストロメ‼️ presents『トロメ〜湯♨️』,【イベント】エクストロメ‼ presents『トロメ〜湯♨️』,2026-08-17.txt
2026-04-18,12:00,12:00,0t6gv7f3qcjsa6sgn9pd6l0p15@google.com,6,描きかけの空,no,no,no,,いわき湯本温泉 旅館こいと,エクストロメ‼️ presents『トロメ〜湯♨️』,【イベント】エクストロメ‼ presents『トロメ〜湯♨️』,2026-08-17.txt
2026-04-18,12:00,12:00,0t6gv7f3qcjsa6sgn9pd6l0p15@google.com,7,朝焼けと車窓,no,no,no,,いわき湯本温泉 旅館こいと,エクストロメ‼️ presents『トロメ〜湯♨️』,【イベント】エクストロメ‼ presents『トロメ〜湯♨️』,2026-08-17.txt
2026-04-18,12:00,12:00,0t6gv7f3qcjsa6sgn9pd6l0p15@google.com,8,ルミナス,no,no,no,,いわき湯本温泉 旅館こいと,エクストロメ‼️ presents『トロメ〜湯♨️』,【イベント】エクストロメ‼ presents『トロメ〜湯♨️』,2026-08-17.txt
2026-04-19,12:00,12:00,0t6gv7f3qcjsa6sgn9pd6l0p15@google.com,1,"Dear,History",no,no,no,,いわき湯本温泉 旅館こいと,エクストロメ‼ presents『トロメ〜湯♨️』,【イベント】エクストロメ‼ presents『トロメ〜湯♨️』,2026-08-17.txt
2026-04-19,12:00,12:00,0t6gv7f3qcjsa6sgn9pd6l0p15@google.com,2,朝焼けと車窓,no,no,no,,いわき湯本温泉 旅館こいと,エクストロメ‼ presents『トロメ〜湯♨️』,【イベント】エクストロメ‼ presents『トロメ〜湯♨️』,2026-08-17.txt
2026-04-19,12:00,12:00,0t6gv7f3qcjsa6sgn9pd6l0p15@google.com,3,Interlude,no,yes,no,,いわき湯本温泉 旅館こいと,エクストロメ‼ presents『トロメ〜湯♨️』,【イベント】エクストロメ‼ presents『トロメ〜湯♨️』,2026-08-17.txt
2026-04-19,12:00,12:00,0t6gv7f3qcjsa6sgn9pd6l0p15@google.com,4,ラブストーリーが始まらない,no,no,no,,いわき湯本温泉 旅館こいと,エクストロメ‼ presents『トロメ〜湯♨️』,【イベント】エクストロメ‼ presents『トロメ〜湯♨️』,2026-08-17.txt
2026-04-19,12:00,12:00,0t6gv7f3qcjsa6sgn9pd6l0p15@google.com,5,ルミナス,no,no,no,,いわき湯本温泉 旅館こいと,エクストロメ‼ presents『トロメ〜湯♨️』,【イベント】エクストロメ‼ presents『トロメ〜湯♨️』,2026-08-17.txt
2026-04-19,12:00,12:00,0t6gv7f3qcjsa6sgn9pd6l0p15@google.com,6,タイムカプセル,no,no,no,,いわき湯本温泉 旅館こいと,エクストロメ‼ presents『トロメ〜湯♨️』,【イベント】エクストロメ‼ presents『トロメ〜湯♨️』,2026-08-17.txt
2026-04-19,12:00,12:00,0t6gv7f3qcjsa6sgn9pd6l0p15@google.com,7,スタンドバイミー,no,no,no,,いわき湯本温泉 旅館こいと,エクストロメ‼ presents『トロメ〜湯♨️』,【イベント】エクストロメ‼ presents『トロメ〜湯♨️』,2026-08-17.txt
2026-04-22,16:05,13:00,7tib09ak15b80e85afjs5dmb1f@google.com,1,SE(プライマリ),yes,no,no,,SHIBUYA CLUB QUATTRO,「SOUL」,【イベント】「SOUL」,2026-08-17.txt
2026-04-22,16:05,13:00,7tib09ak15b80e85afjs5dmb1f@google.com,2,プライマリ,no,no,no,,SHIBUYA CLUB QUATTRO,「SOUL」,【イベント】「SOUL」,2026-08-17.txt
2026-04-22,16:05,13:00,7tib09ak15b80e85afjs5dmb1f@google.com,3,"Dear,History",no,no,no,,SHIBUYA CLUB QUATTRO,「SOUL」,【イベント】「SOUL」,2026-08-17.txt
2026-04-22,16:05,13:00,7tib09ak15b80e85afjs5dmb1f@google.com,4,描きかけの空,no,no,no,,SHIBUYA CLUB QUATTRO,「SOUL」,【イベント】「SOUL」,2026-08-17.txt
2026-04-22,16:05,13:00,7tib09ak15b80e85afjs5dmb1f@google.com,5,ルミナス,no,no,no,,SHIBUYA CLUB QUATTRO,「SOUL」,【イベント】「SOUL」,2026-08-17.txt
2026-04-22,16:05,13:00,7tib09ak15b80e85afjs5dmb1f@google.com,6,朝焼けと車窓,no,no,no,,SHIBUYA CLUB QUATTRO,「SOUL」,【イベント】「SOUL」,2026-08-17.txt
2026-04-22,16:05,13:00,7tib09ak15b80e85afjs5dmb1f@google.com,7,スタンドバイミー,no,no,no,,SHIBUYA CLUB QUATTRO,「SOUL」,【イベント】「SOUL」,2026-08-17.txt
2026-04-24,20:30,19:00,7qq9po5j94vnn1uua8t0cci4ha@google.com,1,SE(スタンドバイミー),yes,no,no,,新宿MARZ,UNIVERSE企画『NEW ORDER #無銭NIGHT』,【イベント】UNIVERSE企画『NEW ORDER #無銭NIGHT』,2026-08-17.txt
2026-04-24,20:30,19:00,7qq9po5j94vnn1uua8t0cci4ha@google.com,2,"Dear,History",no,no,no,,新宿MARZ,UNIVERSE企画『NEW ORDER #無銭NIGHT』,【イベント】UNIVERSE企画『NEW ORDER #無銭NIGHT』,2026-08-17.txt
2026-04-24,20:30,19:00,7qq9po5j94vnn1uua8t0cci4ha@google.com,3,描きかけの空,no,no,no,,新宿MARZ,UNIVERSE企画『NEW ORDER #無銭NIGHT』,【イベント】UNIVERSE企画『NEW ORDER #無銭NIGHT』,2026-08-17.txt
2026-04-24,20:30,19:00,7qq9po5j94vnn1uua8t0cci4ha@google.com,4,Interlude,no,yes,no,,新宿MARZ,UNIVERSE企画『NEW ORDER #無銭NIGHT』,【イベント】UNIVERSE企画『NEW ORDER #無銭NIGHT』,2026-08-17.txt
2026-04-24,20:30,19:00,7qq9po5j94vnn1uua8t0cci4ha@google.com,5,ラブストーリーが始まらない,no,no,no,,新宿MARZ,UNIVERSE企画『NEW ORDER #無銭NIGHT』,【イベント】UNIVERSE企画『NEW ORDER #無銭NIGHT』,2026-08-17.txt
2026-04-24,20:30,19:00,7qq9po5j94vnn1uua8t0cci4ha@google.com,6,Draw a line,no,no,no,,新宿MARZ,UNIVERSE企画『NEW ORDER #無銭NIGHT』,【イベント】UNIVERSE企画『NEW ORDER #無銭NIGHT』,2026-08-17.txt
2026-04-24,20:30,19:00,7qq9po5j94vnn1uua8t0cci4ha@google.com,7,ルミナス,no,no,no,,新宿MARZ,UNIVERSE企画『NEW ORDER #無銭NIGHT』,【イベント】UNIVERSE企画『NEW ORDER #無銭NIGHT』,2026-08-17.txt
2026-04-24,20:30,19:00,7qq9po5j94vnn1uua8t0cci4ha@google.com,8,朝焼けと車窓,no,no,no,,新宿MARZ,UNIVERSE企画『NEW ORDER #無銭NIGHT』,【イベント】UNIVERSE企画『NEW ORDER #無銭NIGHT』,2026-08-17.txt
2026-04-24,20:30,19:00,7qq9po5j94vnn1uua8t0cci4ha@google.com,9,タイムカプセル,no,no,no,,新宿MARZ,UNIVERSE企画『NEW ORDER #無銭NIGHT』,【イベント】UNIVERSE企画『NEW ORDER #無銭NIGHT』,2026-08-17.txt
2026-04-25,16:20,15:30,38lopms7ofcq1opqn08hh9s4vf@google.com,1,SE(Draw a Story),yes,no,no,,下北沢MOSAiC,『Road to Festival In the Rain2026 #01』supported by INFINITY LIVE,【イベント】『Road to Festival In the Rain2026 #01』 supported by INFINITY LIVE,2026-08-17.txt
2026-04-25,16:20,15:30,38lopms7ofcq1opqn08hh9s4vf@google.com,2,"Dear,History",no,no,no,,下北沢MOSAiC,『Road to Festival In the Rain2026 #01』supported by INFINITY LIVE,【イベント】『Road to Festival In the Rain2026 #01』 supported by INFINITY LIVE,2026-08-17.txt
2026-04-25,16:20,15:30,38lopms7ofcq1opqn08hh9s4vf@google.com,3,Blooming,no,no,no,,下北沢MOSAiC,『Road to Festival In the Rain2026 #01』supported by INFINITY LIVE,【イベント】『Road to Festival In the Rain2026 #01』 supported by INFINITY LIVE,2026-08-17.txt
2026-04-25,16:20,15:30,38lopms7ofcq1opqn08hh9s4vf@google.com,4,描きかけの空,no,no,no,,下北沢MOSAiC,『Road to Festival In the Rain2026 #01』supported by INFINITY LIVE,【イベント】『Road to Festival In the Rain2026 #01』 supported by INFINITY LIVE,2026-08-17.txt
2026-04-25,16:20,15:30,38lopms7ofcq1opqn08hh9s4vf@google.com,5,ルミナス,no,no,no,,下北沢MOSAiC,『Road to Festival In the Rain2026 #01』supported by INFINITY LIVE,【イベント】『Road to Festival In the Rain2026 #01』 supported by INFINITY LIVE,2026-08-17.txt
2026-04-25,16:20,15:30,38lopms7ofcq1opqn08hh9s4vf@google.com,6,朝焼けと車窓,no,no,no,,下北沢MOSAiC,『Road to Festival In the Rain2026 #01』supported by INFINITY LIVE,【イベント】『Road to Festival In the Rain2026 #01』 supported by INFINITY LIVE,2026-08-17.txt
2026-04-25,16:20,15:30,38lopms7ofcq1opqn08hh9s4vf@google.com,7,スタンドバイミー,no,no,no,,下北沢MOSAiC,『Road to Festival In the Rain2026 #01』supported by INFINITY LIVE,【イベント】『Road to Festival In the Rain2026 #01』 supported by INFINITY LIVE,2026-08-17.txt
2026-04-26,11:25,11:00,49g828ivtam7gnftuvn4fsc935@google.com,1,SE(Moving Lights!),yes,no,no,,Flowers Loft,INFINITY LIVE presents『ASTROPUFF』,【イベント】INFINITY LIVE presents『ASTROPUFF』,2026-08-17.txt
2026-04-26,11:25,11:00,49g828ivtam7gnftuvn4fsc935@google.com,2,Moving Lights!,no,no,no,,Flowers Loft,INFINITY LIVE presents『ASTROPUFF』,【イベント】INFINITY LIVE presents『ASTROPUFF』,2026-08-17.txt
2026-04-26,11:25,11:00,49g828ivtam7gnftuvn4fsc935@google.com,3,Interlude,no,yes,no,,Flowers Loft,INFINITY LIVE presents『ASTROPUFF』,【イベント】INFINITY LIVE presents『ASTROPUFF』,2026-08-17.txt
2026-04-26,11:25,11:00,49g828ivtam7gnftuvn4fsc935@google.com,4,Begin the Journey!,no,no,no,,Flowers Loft,INFINITY LIVE presents『ASTROPUFF』,【イベント】INFINITY LIVE presents『ASTROPUFF』,2026-08-17.txt
2026-04-26,11:25,11:00,49g828ivtam7gnftuvn4fsc935@google.com,5,ルミナス,no,no,no,,Flowers Loft,INFINITY LIVE presents『ASTROPUFF』,【イベント】INFINITY LIVE presents『ASTROPUFF』,2026-08-17.txt
2026-04-26,11:25,11:00,49g828ivtam7gnftuvn4fsc935@google.com,6,朝焼けと車窓,no,no,no,,Flowers Loft,INFINITY LIVE presents『ASTROPUFF』,【イベント】INFINITY LIVE presents『ASTROPUFF』,2026-08-17.txt
2026-04-26,11:25,11:00,49g828ivtam7gnftuvn4fsc935@google.com,7,タイムカプセル,no,no,no,,Flowers Loft,INFINITY LIVE presents『ASTROPUFF』,【イベント】INFINITY LIVE presents『ASTROPUFF』,2026-08-17.txt
2026-04-26,11:25,11:00,49g828ivtam7gnftuvn4fsc935@google.com,8,スタンドバイミー,no,no,no,,Flowers Loft,INFINITY LIVE presents『ASTROPUFF』,【イベント】INFINITY LIVE presents『ASTROPUFF』,2026-08-17.txt
2026-04-29,16:40,10:40,7d1t4stgni2b85hhhmb0sm3orb@google.com,1,SE(Draw a Story),yes,no,no,,新宿LOFT,「ソノウチ」,【イベント】「ソノウチ」,2026-08-17.txt
2026-04-29,16:40,10:40,7d1t4stgni2b85hhhmb0sm3orb@google.com,2,Blooming,no,no,no,,新宿LOFT,「ソノウチ」,【イベント】「ソノウチ」,2026-08-17.txt
2026-04-29,16:40,10:40,7d1t4stgni2b85hhhmb0sm3orb@google.com,3,Moving Lights!,no,no,no,,新宿LOFT,「ソノウチ」,【イベント】「ソノウチ」,2026-08-17.txt
2026-04-29,16:40,10:40,7d1t4stgni2b85hhhmb0sm3orb@google.com,4,Interlude,no,yes,no,,新宿LOFT,「ソノウチ」,【イベント】「ソノウチ」,2026-08-17.txt
2026-04-29,16:40,10:40,7d1t4stgni2b85hhhmb0sm3orb@google.com,5,Begin the Journey!,no,no,no,,新宿LOFT,「ソノウチ」,【イベント】「ソノウチ」,2026-08-17.txt
2026-04-29,16:40,10:40,7d1t4stgni2b85hhhmb0sm3orb@google.com,6,ラブストーリーが始まらない,no,no,no,,新宿LOFT,「ソノウチ」,【イベント】「ソノウチ」,2026-08-17.txt
2026-04-29,16:40,10:40,7d1t4stgni2b85hhhmb0sm3orb@google.com,7,ルミナス,no,no,no,,新宿LOFT,「ソノウチ」,【イベント】「ソノウチ」,2026-08-17.txt
2026-04-29,16:40,10:40,7d1t4stgni2b85hhhmb0sm3orb@google.com,8,朝焼けと車窓,no,no,no,,新宿LOFT,「ソノウチ」,【イベント】「ソノウチ」,2026-08-17.txt
2026-04-30,18:55,18:30,12reii57d663m7ishjkqvc5e6q@google.com,1,スタンドバイミー,no,no,no,,新宿MARZ,YOTAKA定期公演『Starlight』vol.4,【イベント】YOTAKA定期公演『Starlight』vol.4,2026-08-17.txt
2026-04-30,18:55,18:30,12reii57d663m7ishjkqvc5e6q@google.com,2,朝焼けと車窓,no,no,no,,新宿MARZ,YOTAKA定期公演『Starlight』vol.4,【イベント】YOTAKA定期公演『Starlight』vol.4,2026-08-17.txt
2026-04-30,18:55,18:30,12reii57d663m7ishjkqvc5e6q@google.com,3,Begin the Journey!,no,no,no,,新宿MARZ,YOTAKA定期公演『Starlight』vol.4,【イベント】YOTAKA定期公演『Starlight』vol.4,2026-08-17.txt
2026-04-30,18:55,18:30,12reii57d663m7ishjkqvc5e6q@google.com,4,ラブストーリーが始まらない,no,no,no,,新宿MARZ,YOTAKA定期公演『Starlight』vol.4,【イベント】YOTAKA定期公演『Starlight』vol.4,2026-08-17.txt
2026-04-30,18:55,18:30,12reii57d663m7ishjkqvc5e6q@google.com,5,ルミナス,no,no,no,,新宿MARZ,YOTAKA定期公演『Starlight』vol.4,【イベント】YOTAKA定期公演『Starlight』vol.4,2026-08-17.txt
2026-04-30,18:55,18:30,12reii57d663m7ishjkqvc5e6q@google.com,6,タイムカプセル,no,no,no,,新宿MARZ,YOTAKA定期公演『Starlight』vol.4,【イベント】YOTAKA定期公演『Starlight』vol.4,2026-08-17.txt
2026-05-02,13:00,13:00,1h49ri9i9uc06n4h83k2ln8e29@google.com,1,SE(スタンドバイミー),yes,no,no,,銀座BASE GRANBELL,「KAWAii is not ENOUGH supported by エクストロメ Vol.9」,【イベント】「KAWAii is not ENOUGH supported by エクストロメ Vol.9」,2026-08-17.txt
2026-05-02,13:00,13:00,1h49ri9i9uc06n4h83k2ln8e29@google.com,2,"Dear,History",no,no,no,,銀座BASE GRANBELL,「KAWAii is not ENOUGH supported by エクストロメ Vol.9」,【イベント】「KAWAii is not ENOUGH supported by エクストロメ Vol.9」,2026-08-17.txt
2026-05-02,13:00,13:00,1h49ri9i9uc06n4h83k2ln8e29@google.com,3,Interlude,no,yes,no,,銀座BASE GRANBELL,「KAWAii is not ENOUGH supported by エクストロメ Vol.9」,【イベント】「KAWAii is not ENOUGH supported by エクストロメ Vol.9」,2026-08-17.txt
2026-05-02,13:00,13:00,1h49ri9i9uc06n4h83k2ln8e29@google.com,4,ラブストーリーが始まらない,no,no,no,,銀座BASE GRANBELL,「KAWAii is not ENOUGH supported by エクストロメ Vol.9」,【イベント】「KAWAii is not ENOUGH supported by エクストロメ Vol.9」,2026-08-17.txt
2026-05-02,13:00,13:00,1h49ri9i9uc06n4h83k2ln8e29@google.com,5,描きかけの空,no,no,no,,銀座BASE GRANBELL,「KAWAii is not ENOUGH supported by エクストロメ Vol.9」,【イベント】「KAWAii is not ENOUGH supported by エクストロメ Vol.9」,2026-08-17.txt
2026-05-02,13:00,13:00,1h49ri9i9uc06n4h83k2ln8e29@google.com,6,Begin the Journey!,no,no,no,,銀座BASE GRANBELL,「KAWAii is not ENOUGH supported by エクストロメ Vol.9」,【イベント】「KAWAii is not ENOUGH supported by エクストロメ Vol.9」,2026-08-17.txt
2026-05-02,13:00,13:00,1h49ri9i9uc06n4h83k2ln8e29@google.com,7,朝焼けと車窓,no,no,no,,銀座BASE GRANBELL,「KAWAii is not ENOUGH supported by エクストロメ Vol.9」,【イベント】「KAWAii is not ENOUGH supported by エクストロメ Vol.9」,2026-08-17.txt
2026-05-02,13:00,13:00,1h49ri9i9uc06n4h83k2ln8e29@google.com,8,ルミナス,no,no,no,,銀座BASE GRANBELL,「KAWAii is not ENOUGH supported by エクストロメ Vol.9」,【イベント】「KAWAii is not ENOUGH supported by エクストロメ Vol.9」,2026-08-17.txt
2026-05-03,17:40,10:30,1ptptrg4ssnlrumcsbbms4ilpb@google.com,1,SE(プライマリ),yes,no,no,,下北沢SHELTER,『weekend weekend festa 2026』 ~KAIYU～,【イベント】『weekend weekend festa 2026』 ~KAIYU～,2026-08-17.txt
2026-05-03,17:40,10:30,1ptptrg4ssnlrumcsbbms4ilpb@google.com,2,プライマリ,no,no,no,,下北沢SHELTER,『weekend weekend festa 2026』 ~KAIYU～,【イベント】『weekend weekend festa 2026』 ~KAIYU～,2026-08-17.txt
2026-05-03,17:40,10:30,1ptptrg4ssnlrumcsbbms4ilpb@google.com,3,Begin the Journey!,no,no,no,,下北沢SHELTER,『weekend weekend festa 2026』 ~KAIYU～,【イベント】『weekend weekend festa 2026』 ~KAIYU～,2026-08-17.txt
2026-05-03,17:40,10:30,1ptptrg4ssnlrumcsbbms4ilpb@google.com,4,Moving Lights!,no,no,no,,下北沢SHELTER,『weekend weekend festa 2026』 ~KAIYU～,【イベント】『weekend weekend festa 2026』 ~KAIYU～,2026-08-17.txt
2026-05-03,17:40,10:30,1ptptrg4ssnlrumcsbbms4ilpb@google.com,5,ルミナス,no,no,no,,下北沢SHELTER,『weekend weekend festa 2026』 ~KAIYU～,【イベント】『weekend weekend festa 2026』 ~KAIYU～,2026-08-17.txt
2026-05-03,17:40,10:30,1ptptrg4ssnlrumcsbbms4ilpb@google.com,6,朝焼けと車窓,no,no,no,,下北沢SHELTER,『weekend weekend festa 2026』 ~KAIYU～,【イベント】『weekend weekend festa 2026』 ~KAIYU～,2026-08-17.txt
2026-05-03,17:40,10:30,1ptptrg4ssnlrumcsbbms4ilpb@google.com,7,スタンドバイミー,no,no,no,,下北沢SHELTER,『weekend weekend festa 2026』 ~KAIYU～,【イベント】『weekend weekend festa 2026』 ~KAIYU～,2026-08-17.txt
2026-05-03,17:40,10:30,1ptptrg4ssnlrumcsbbms4ilpb@google.com,8,タイムカプセル,no,no,no,,下北沢SHELTER,『weekend weekend festa 2026』 ~KAIYU～,【イベント】『weekend weekend festa 2026』 ~KAIYU～,2026-08-17.txt
2026-05-05,15:45,13:00,12la00soolf4v31pmhr146vfu5@google.com,1,SE(Draw a Story),yes,no,no,,新宿MARZ,「歌舞伎町UP GATE↑↑2026」,【イベント】「歌舞伎町UP GATE↑↑2026」,2026-08-17.txt
2026-05-05,15:45,13:00,12la00soolf4v31pmhr146vfu5@google.com,2,"Dear,History",no,no,no,,新宿MARZ,「歌舞伎町UP GATE↑↑2026」,【イベント】「歌舞伎町UP GATE↑↑2026」,2026-08-17.txt
2026-05-05,15:45,13:00,12la00soolf4v31pmhr146vfu5@google.com,3,朝焼けと車窓,no,no,no,,新宿MARZ,「歌舞伎町UP GATE↑↑2026」,【イベント】「歌舞伎町UP GATE↑↑2026」,2026-08-17.txt
2026-05-05,15:45,13:00,12la00soolf4v31pmhr146vfu5@google.com,4,Moving Lights!,no,no,no,,新宿MARZ,「歌舞伎町UP GATE↑↑2026」,【イベント】「歌舞伎町UP GATE↑↑2026」,2026-08-17.txt
2026-05-05,15:45,13:00,12la00soolf4v31pmhr146vfu5@google.com,5,Interlude,no,yes,no,,新宿MARZ,「歌舞伎町UP GATE↑↑2026」,【イベント】「歌舞伎町UP GATE↑↑2026」,2026-08-17.txt
2026-05-05,15:45,13:00,12la00soolf4v31pmhr146vfu5@google.com,6,Begin the Journey!,no,no,no,,新宿MARZ,「歌舞伎町UP GATE↑↑2026」,【イベント】「歌舞伎町UP GATE↑↑2026」,2026-08-17.txt
2026-05-05,15:45,13:00,12la00soolf4v31pmhr146vfu5@google.com,7,タイムカプセル,no,no,no,,新宿MARZ,「歌舞伎町UP GATE↑↑2026」,【イベント】「歌舞伎町UP GATE↑↑2026」,2026-08-17.txt
2026-05-05,15:45,13:00,12la00soolf4v31pmhr146vfu5@google.com,8,スタンドバイミー,no,no,no,,新宿MARZ,「歌舞伎町UP GATE↑↑2026」,【イベント】「歌舞伎町UP GATE↑↑2026」,2026-08-17.txt
2026-05-06,15:30,13:30,7eecp7t9o5v5rhb1r7i9f4c2b1@google.com,1,SE(ラブストーリーが始まらない),yes,no,no,,下北沢シャングリラ,SOVA 10th Anniversary「Owl Decade」,【イベント】SOVA 10th Anniversary「Owl Decade」,2026-08-17.txt
2026-05-06,15:30,13:30,7eecp7t9o5v5rhb1r7i9f4c2b1@google.com,2,ラブストーリーが始まらない,no,no,no,,下北沢シャングリラ,SOVA 10th Anniversary「Owl Decade」,【イベント】SOVA 10th Anniversary「Owl Decade」,2026-08-17.txt
2026-05-06,15:30,13:30,7eecp7t9o5v5rhb1r7i9f4c2b1@google.com,3,描きかけの空,no,no,no,,下北沢シャングリラ,SOVA 10th Anniversary「Owl Decade」,【イベント】SOVA 10th Anniversary「Owl Decade」,2026-08-17.txt
2026-05-06,15:30,13:30,7eecp7t9o5v5rhb1r7i9f4c2b1@google.com,4,Blooming,no,no,no,,下北沢シャングリラ,SOVA 10th Anniversary「Owl Decade」,【イベント】SOVA 10th Anniversary「Owl Decade」,2026-08-17.txt
2026-05-06,15:30,13:30,7eecp7t9o5v5rhb1r7i9f4c2b1@google.com,5,ルミナス,no,no,no,,下北沢シャングリラ,SOVA 10th Anniversary「Owl Decade」,【イベント】SOVA 10th Anniversary「Owl Decade」,2026-08-17.txt
2026-05-06,15:30,13:30,7eecp7t9o5v5rhb1r7i9f4c2b1@google.com,6,朝焼けと車窓,no,no,no,,下北沢シャングリラ,SOVA 10th Anniversary「Owl Decade」,【イベント】SOVA 10th Anniversary「Owl Decade」,2026-08-17.txt
2026-05-06,15:30,13:30,7eecp7t9o5v5rhb1r7i9f4c2b1@google.com,7,スタンドバイミー,no,no,no,,下北沢シャングリラ,SOVA 10th Anniversary「Owl Decade」,【イベント】SOVA 10th Anniversary「Owl Decade」,2026-08-17.txt
2026-05-08,18:30,18:30,0jgj3sq9a21qrmel6lagkbvbhe@google.com,1,スタンドバイミー,no,no,no,,京都ROKA,"AQ&0番線と夜明け前 共同企画 ""永久番線""","【イベント】AQ&0番線と夜明け前 共同企画 ""永久番線""",2026-08-17.txt
2026-05-08,18:30,18:30,0jgj3sq9a21qrmel6lagkbvbhe@google.com,2,描きかけの空,no,no,no,,京都ROKA,"AQ&0番線と夜明け前 共同企画 ""永久番線""","【イベント】AQ&0番線と夜明け前 共同企画 ""永久番線""",2026-08-17.txt
2026-05-08,18:30,18:30,0jgj3sq9a21qrmel6lagkbvbhe@google.com,3,プライマリ,no,no,no,拡張イントロ,京都ROKA,"AQ&0番線と夜明け前 共同企画 ""永久番線""","【イベント】AQ&0番線と夜明け前 共同企画 ""永久番線""",2026-08-17.txt
2026-05-08,18:30,18:30,0jgj3sq9a21qrmel6lagkbvbhe@google.com,4,Draw a line,no,no,no,,京都ROKA,"AQ&0番線と夜明け前 共同企画 ""永久番線""","【イベント】AQ&0番線と夜明け前 共同企画 ""永久番線""",2026-08-17.txt
2026-05-08,18:30,18:30,0jgj3sq9a21qrmel6lagkbvbhe@google.com,5,ルミナス,no,no,no,,京都ROKA,"AQ&0番線と夜明け前 共同企画 ""永久番線""","【イベント】AQ&0番線と夜明け前 共同企画 ""永久番線""",2026-08-17.txt
2026-05-08,18:30,18:30,0jgj3sq9a21qrmel6lagkbvbhe@google.com,6,朝焼けと車窓,no,no,no,,京都ROKA,"AQ&0番線と夜明け前 共同企画 ""永久番線""","【イベント】AQ&0番線と夜明け前 共同企画 ""永久番線""",2026-08-17.txt
2026-05-08,18:30,18:30,0jgj3sq9a21qrmel6lagkbvbhe@google.com,7,タイムカプセル,no,no,no,,京都ROKA,"AQ&0番線と夜明け前 共同企画 ""永久番線""","【イベント】AQ&0番線と夜明け前 共同企画 ""永久番線""",2026-08-17.txt
2026-05-09,12:10,12:00,38qmp4io0l0m1kp26fu2sppgku@google.com,1,スタンドバイミー,no,no,no,,アメリカ村BEYOND,「MAWA LOOP OSAKA 2026」,【イベント】「MAWA LOOP OSAKA 2026」,2026-08-17.txt
2026-05-09,12:10,12:00,38qmp4io0l0m1kp26fu2sppgku@google.com,2,ラブストーリーが始まらない,no,no,no,,アメリカ村BEYOND,「MAWA LOOP OSAKA 2026」,【イベント】「MAWA LOOP OSAKA 2026」,2026-08-17.txt
2026-05-09,12:10,12:00,38qmp4io0l0m1kp26fu2sppgku@google.com,3,Begin the Journey!,no,no,no,,アメリカ村BEYOND,「MAWA LOOP OSAKA 2026」,【イベント】「MAWA LOOP OSAKA 2026」,2026-08-17.txt
2026-05-09,12:10,12:00,38qmp4io0l0m1kp26fu2sppgku@google.com,4,ルミナス,no,no,no,,アメリカ村BEYOND,「MAWA LOOP OSAKA 2026」,【イベント】「MAWA LOOP OSAKA 2026」,2026-08-17.txt
2026-05-09,12:10,12:00,38qmp4io0l0m1kp26fu2sppgku@google.com,5,朝焼けと車窓,no,no,no,,アメリカ村BEYOND,「MAWA LOOP OSAKA 2026」,【イベント】「MAWA LOOP OSAKA 2026」,2026-08-17.txt
2026-05-09,12:10,12:00,38qmp4io0l0m1kp26fu2sppgku@google.com,6,タイムカプセル,no,no,no,,アメリカ村BEYOND,「MAWA LOOP OSAKA 2026」,【イベント】「MAWA LOOP OSAKA 2026」,2026-08-17.txt
2026-05-13,15:50,15:50,2tueejbhjed2f7prv9j6843i4l@google.com,1,SE(Moving Lights!),yes,no,no,,渋谷WOMB,「Creora supported by My-th」,【イベント】「Creora supported by My-th」,2026-08-17.txt
2026-05-13,15:50,15:50,2tueejbhjed2f7prv9j6843i4l@google.com,2,Moving Lights!,no,no,no,,渋谷WOMB,「Creora supported by My-th」,【イベント】「Creora supported by My-th」,2026-08-17.txt
2026-05-13,15:50,15:50,2tueejbhjed2f7prv9j6843i4l@google.com,3,Interlude,no,yes,no,,渋谷WOMB,「Creora supported by My-th」,【イベント】「Creora supported by My-th」,2026-08-17.txt
2026-05-13,15:50,15:50,2tueejbhjed2f7prv9j6843i4l@google.com,4,Begin the Journey!,no,no,no,,渋谷WOMB,「Creora supported by My-th」,【イベント】「Creora supported by My-th」,2026-08-17.txt
2026-05-13,15:50,15:50,2tueejbhjed2f7prv9j6843i4l@google.com,5,ルミナス,no,no,no,,渋谷WOMB,「Creora supported by My-th」,【イベント】「Creora supported by My-th」,2026-08-17.txt
2026-05-13,15:50,15:50,2tueejbhjed2f7prv9j6843i4l@google.com,6,朝焼けと車窓,no,no,no,,渋谷WOMB,「Creora supported by My-th」,【イベント】「Creora supported by My-th」,2026-08-17.txt
2026-05-13,15:50,15:50,2tueejbhjed2f7prv9j6843i4l@google.com,7,タイムカプセル,no,no,no,,渋谷WOMB,「Creora supported by My-th」,【イベント】「Creora supported by My-th」,2026-08-17.txt
2026-05-13,15:50,15:50,2tueejbhjed2f7prv9j6843i4l@google.com,8,スタンドバイミー,no,no,no,,渋谷WOMB,「Creora supported by My-th」,【イベント】「Creora supported by My-th」,2026-08-17.txt
2026-05-15,20:25,19:10,2q7874nk16e3to2hr6gvdvrmsf@google.com,1,スタンドバイミー,no,no,no,,新宿MARZ,「エンジョイナス!!」,【イベント】「エンジョイナス!!」,2026-08-17.txt
2026-05-15,20:25,19:10,2q7874nk16e3to2hr6gvdvrmsf@google.com,2,Blooming,no,no,no,,新宿MARZ,「エンジョイナス!!」,【イベント】「エンジョイナス!!」,2026-08-17.txt
2026-05-15,20:25,19:10,2q7874nk16e3to2hr6gvdvrmsf@google.com,3,Begin the Journey!,no,no,no,,新宿MARZ,「エンジョイナス!!」,【イベント】「エンジョイナス!!」,2026-08-17.txt
2026-05-15,20:25,19:10,2q7874nk16e3to2hr6gvdvrmsf@google.com,4,朝焼けと車窓,no,no,no,,新宿MARZ,「エンジョイナス!!」,【イベント】「エンジョイナス!!」,2026-08-17.txt
2026-05-15,20:25,19:10,2q7874nk16e3to2hr6gvdvrmsf@google.com,5,ルミナス,no,no,no,,新宿MARZ,「エンジョイナス!!」,【イベント】「エンジョイナス!!」,2026-08-17.txt
2026-05-15,20:25,19:10,2q7874nk16e3to2hr6gvdvrmsf@google.com,6,描きかけの空,no,no,no,,新宿MARZ,「エンジョイナス!!」,【イベント】「エンジョイナス!!」,2026-08-17.txt
2026-05-15,20:25,19:10,2q7874nk16e3to2hr6gvdvrmsf@google.com,7,タイムカプセル,no,no,no,,新宿MARZ,「エンジョイナス!!」,【イベント】「エンジョイナス!!」,2026-08-17.txt
2026-05-17,13:45,11:10,79crqdn1halico03dmpjo0sgsn@google.com,1,SE(スタンドバイミー),yes,no,no,,青山RizM,『TOKYO BEATRECmini』,【イベント】『TOKYO BEATRECmini』,2026-08-17.txt
2026-05-17,13:45,11:10,79crqdn1halico03dmpjo0sgsn@google.com,2,"Dear,History",no,no,no,,青山RizM,『TOKYO BEATRECmini』,【イベント】『TOKYO BEATRECmini』,2026-08-17.txt
2026-05-17,13:45,11:10,79crqdn1halico03dmpjo0sgsn@google.com,3,Blooming,no,no,no,,青山RizM,『TOKYO BEATRECmini』,【イベント】『TOKYO BEATRECmini』,2026-08-17.txt
2026-05-17,13:45,11:10,79crqdn1halico03dmpjo0sgsn@google.com,4,ラブストーリーが始まらない,no,no,no,,青山RizM,『TOKYO BEATRECmini』,【イベント】『TOKYO BEATRECmini』,2026-08-17.txt
2026-05-17,13:45,11:10,79crqdn1halico03dmpjo0sgsn@google.com,5,ルミナス,no,no,no,,青山RizM,『TOKYO BEATRECmini』,【イベント】『TOKYO BEATRECmini』,2026-08-17.txt
2026-05-17,13:45,11:10,79crqdn1halico03dmpjo0sgsn@google.com,6,朝焼けと車窓,no,no,no,,青山RizM,『TOKYO BEATRECmini』,【イベント】『TOKYO BEATRECmini』,2026-08-17.txt
2026-05-17,13:45,11:10,79crqdn1halico03dmpjo0sgsn@google.com,7,スタンドバイミー,no,no,no,,青山RizM,『TOKYO BEATRECmini』,【イベント】『TOKYO BEATRECmini』,2026-08-17.txt
2026-05-20,15:40,13:15,1jkqqc6qn7mve8hgt7c7bsb7kb@google.com,1,スタンドバイミー,no,no,no,,SHIBUYA CLUB QUATTRO,「SOUL」,【イベント】「SOUL」,2026-08-17.txt
2026-05-20,15:40,13:15,1jkqqc6qn7mve8hgt7c7bsb7kb@google.com,2,Interlude,no,yes,no,,SHIBUYA CLUB QUATTRO,「SOUL」,【イベント】「SOUL」,2026-08-17.txt
2026-05-20,15:40,13:15,1jkqqc6qn7mve8hgt7c7bsb7kb@google.com,3,ラブストーリーが始まらない,no,no,no,,SHIBUYA CLUB QUATTRO,「SOUL」,【イベント】「SOUL」,2026-08-17.txt
2026-05-20,15:40,13:15,1jkqqc6qn7mve8hgt7c7bsb7kb@google.com,4,Moving Lights!,no,no,no,,SHIBUYA CLUB QUATTRO,「SOUL」,【イベント】「SOUL」,2026-08-17.txt
2026-05-20,15:40,13:15,1jkqqc6qn7mve8hgt7c7bsb7kb@google.com,5,朝焼けと車窓,no,no,no,,SHIBUYA CLUB QUATTRO,「SOUL」,【イベント】「SOUL」,2026-08-17.txt
2026-05-20,15:40,13:15,1jkqqc6qn7mve8hgt7c7bsb7kb@google.com,6,ルミナス,no,no,no,,SHIBUYA CLUB QUATTRO,「SOUL」,【イベント】「SOUL」,2026-08-17.txt
2026-05-20,15:40,13:15,1jkqqc6qn7mve8hgt7c7bsb7kb@google.com,7,タイムカプセル,no,no,no,,SHIBUYA CLUB QUATTRO,「SOUL」,【イベント】「SOUL」,2026-08-17.txt
2026-05-23,11:30,11:30,3bssileq74769rvml92sd5mqi3@google.com,1,SE(Moving Lights!),yes,no,no,,三崎公園野外音楽堂,「リーディング エクストロメ‼」,【イベント】「リーディング エクストロメ‼」,2026-08-17.txt
2026-05-23,11:30,11:30,3bssileq74769rvml92sd5mqi3@google.com,2,Moving Lights!,no,no,no,,三崎公園野外音楽堂,「リーディング エクストロメ‼」,【イベント】「リーディング エクストロメ‼」,2026-08-17.txt
2026-05-23,11:30,11:30,3bssileq74769rvml92sd5mqi3@google.com,3,Interlude,no,yes,no,,三崎公園野外音楽堂,「リーディング エクストロメ‼」,【イベント】「リーディング エクストロメ‼」,2026-08-17.txt
2026-05-23,11:30,11:30,3bssileq74769rvml92sd5mqi3@google.com,4,Begin the Journey!,no,no,no,,三崎公園野外音楽堂,「リーディング エクストロメ‼」,【イベント】「リーディング エクストロメ‼」,2026-08-17.txt
2026-05-23,11:30,11:30,3bssileq74769rvml92sd5mqi3@google.com,5,Blooming,no,no,no,,三崎公園野外音楽堂,「リーディング エクストロメ‼」,【イベント】「リーディング エクストロメ‼」,2026-08-17.txt
2026-05-23,11:30,11:30,3bssileq74769rvml92sd5mqi3@google.com,6,ルミナス,no,no,no,,三崎公園野外音楽堂,「リーディング エクストロメ‼」,【イベント】「リーディング エクストロメ‼」,2026-08-17.txt
2026-05-23,11:30,11:30,3bssileq74769rvml92sd5mqi3@google.com,7,朝焼けと車窓,no,no,no,,三崎公園野外音楽堂,「リーディング エクストロメ‼」,【イベント】「リーディング エクストロメ‼」,2026-08-17.txt
2026-05-23,11:30,11:30,3bssileq74769rvml92sd5mqi3@google.com,8,スタンドバイミー,no,no,no,,三崎公園野外音楽堂,「リーディング エクストロメ‼」,【イベント】「リーディング エクストロメ‼」,2026-08-17.txt
2026-05-24,11:30,11:30,3bssileq74769rvml92sd5mqi3@google.com,1,スタンドバイミー,no,no,no,,三崎公園野外音楽堂,「リーディング エクストロメ‼」,【イベント】「リーディング エクストロメ‼」,2026-08-17.txt
2026-05-24,11:30,11:30,3bssileq74769rvml92sd5mqi3@google.com,2,ラブストーリーが始まらない,no,no,no,,三崎公園野外音楽堂,「リーディング エクストロメ‼」,【イベント】「リーディング エクストロメ‼」,2026-08-17.txt
2026-05-24,11:30,11:30,3bssileq74769rvml92sd5mqi3@google.com,3,描きかけの空,no,no,no,,三崎公園野外音楽堂,「リーディング エクストロメ‼」,【イベント】「リーディング エクストロメ‼」,2026-08-17.txt
2026-05-24,11:30,11:30,3bssileq74769rvml92sd5mqi3@google.com,4,ルミナス,no,no,no,,三崎公園野外音楽堂,「リーディング エクストロメ‼」,【イベント】「リーディング エクストロメ‼」,2026-08-17.txt
2026-05-24,11:30,11:30,3bssileq74769rvml92sd5mqi3@google.com,5,朝焼けと車窓,no,no,no,,三崎公園野外音楽堂,「リーディング エクストロメ‼」,【イベント】「リーディング エクストロメ‼」,2026-08-17.txt
2026-05-24,11:30,11:30,3bssileq74769rvml92sd5mqi3@google.com,6,タイムカプセル,no,no,no,,三崎公園野外音楽堂,「リーディング エクストロメ‼」,【イベント】「リーディング エクストロメ‼」,2026-08-17.txt
2026-05-28,19:30,19:00,0mu35iin3pog42mouiekelhg4r@google.com,1,SE(Moving Lights!),yes,no,no,,渋谷近未来会館,#ﾆｷﾌﾟﾚ『シキサイ。』,【イベント】#ﾆｷﾌﾟﾚ『シキサイ。』,2026-08-17.txt
2026-05-28,19:30,19:00,0mu35iin3pog42mouiekelhg4r@google.com,2,Moving Lights!,no,no,no,,渋谷近未来会館,#ﾆｷﾌﾟﾚ『シキサイ。』,【イベント】#ﾆｷﾌﾟﾚ『シキサイ。』,2026-08-17.txt
2026-05-28,19:30,19:00,0mu35iin3pog42mouiekelhg4r@google.com,3,Interlude,no,yes,no,,渋谷近未来会館,#ﾆｷﾌﾟﾚ『シキサイ。』,【イベント】#ﾆｷﾌﾟﾚ『シキサイ。』,2026-08-17.txt
2026-05-28,19:30,19:00,0mu35iin3pog42mouiekelhg4r@google.com,4,Begin the Journey!,no,no,no,,渋谷近未来会館,#ﾆｷﾌﾟﾚ『シキサイ。』,【イベント】#ﾆｷﾌﾟﾚ『シキサイ。』,2026-08-17.txt
2026-05-28,19:30,19:00,0mu35iin3pog42mouiekelhg4r@google.com,5,ラブストーリーが始まらない,no,no,no,,渋谷近未来会館,#ﾆｷﾌﾟﾚ『シキサイ。』,【イベント】#ﾆｷﾌﾟﾚ『シキサイ。』,2026-08-17.txt
2026-05-28,19:30,19:00,0mu35iin3pog42mouiekelhg4r@google.com,6,Draw a line,no,no,no,,渋谷近未来会館,#ﾆｷﾌﾟﾚ『シキサイ。』,【イベント】#ﾆｷﾌﾟﾚ『シキサイ。』,2026-08-17.txt
2026-05-28,19:30,19:00,0mu35iin3pog42mouiekelhg4r@google.com,7,ルミナス,no,no,no,,渋谷近未来会館,#ﾆｷﾌﾟﾚ『シキサイ。』,【イベント】#ﾆｷﾌﾟﾚ『シキサイ。』,2026-08-17.txt
2026-05-28,19:30,19:00,0mu35iin3pog42mouiekelhg4r@google.com,8,朝焼けと車窓,no,no,no,,渋谷近未来会館,#ﾆｷﾌﾟﾚ『シキサイ。』,【イベント】#ﾆｷﾌﾟﾚ『シキサイ。』,2026-08-17.txt
2026-05-28,19:30,19:00,0mu35iin3pog42mouiekelhg4r@google.com,9,スタンドバイミー,no,no,no,,渋谷近未来会館,#ﾆｷﾌﾟﾚ『シキサイ。』,【イベント】#ﾆｷﾌﾟﾚ『シキサイ。』,2026-08-17.txt
2026-05-30,12:40,11:50,5umnd8ontb2tufoug82d9lent7@google.com,1,SE(Draw a Story),yes,no,no,,Spotify O-Crest,Drawry.主催イベント「build a family vol.3」,【イベント】Drawry.主催イベント「build a family vol.3」,2026-08-17.txt
2026-05-30,12:40,11:50,5umnd8ontb2tufoug82d9lent7@google.com,2,"Dear,History",no,no,no,,Spotify O-Crest,Drawry.主催イベント「build a family vol.3」,【イベント】Drawry.主催イベント「build a family vol.3」,2026-08-17.txt
2026-05-30,12:40,11:50,5umnd8ontb2tufoug82d9lent7@google.com,3,Blooming,no,no,no,,Spotify O-Crest,Drawry.主催イベント「build a family vol.3」,【イベント】Drawry.主催イベント「build a family vol.3」,2026-08-17.txt
2026-05-30,12:40,11:50,5umnd8ontb2tufoug82d9lent7@google.com,4,銀幕,no,no,no,初披露,Spotify O-Crest,Drawry.主催イベント「build a family vol.3」,【イベント】Drawry.主催イベント「build a family vol.3」,2026-08-17.txt
2026-05-30,12:40,11:50,5umnd8ontb2tufoug82d9lent7@google.com,5,描きかけの空,no,no,no,,Spotify O-Crest,Drawry.主催イベント「build a family vol.3」,【イベント】Drawry.主催イベント「build a family vol.3」,2026-08-17.txt
2026-05-30,12:40,11:50,5umnd8ontb2tufoug82d9lent7@google.com,6,ルミナス,no,no,no,,Spotify O-Crest,Drawry.主催イベント「build a family vol.3」,【イベント】Drawry.主催イベント「build a family vol.3」,2026-08-17.txt
2026-05-30,12:40,11:50,5umnd8ontb2tufoug82d9lent7@google.com,7,朝焼けと車窓,no,no,no,,Spotify O-Crest,Drawry.主催イベント「build a family vol.3」,【イベント】Drawry.主催イベント「build a family vol.3」,2026-08-17.txt
2026-05-30,12:40,11:50,5umnd8ontb2tufoug82d9lent7@google.com,8,タイムカプセル,no,no,no,,Spotify O-Crest,Drawry.主催イベント「build a family vol.3」,【イベント】Drawry.主催イベント「build a family vol.3」,2026-08-17.txt
2026-05-30,12:40,11:50,5umnd8ontb2tufoug82d9lent7@google.com,9,スタンドバイミー,no,no,no,,Spotify O-Crest,Drawry.主催イベント「build a family vol.3」,【イベント】Drawry.主催イベント「build a family vol.3」,2026-08-17.txt
2026-06-03,19:00,19:00,1dgjuambp8pi6iaijg4qnnap0n@google.com,1,SE(スタンドバイミー),yes,no,no,,新宿MARZ,UNIVERSE企画『NEW ORDER #無銭NIGHT』,【イベント】UNIVERSE企画『NEW ORDER #無銭NIGHT』,2026-08-17.txt
2026-06-03,19:00,19:00,1dgjuambp8pi6iaijg4qnnap0n@google.com,2,"Dear,History",no,no,no,,新宿MARZ,UNIVERSE企画『NEW ORDER #無銭NIGHT』,【イベント】UNIVERSE企画『NEW ORDER #無銭NIGHT』,2026-08-17.txt
2026-06-03,19:00,19:00,1dgjuambp8pi6iaijg4qnnap0n@google.com,3,Begin the Journey!,no,no,no,,新宿MARZ,UNIVERSE企画『NEW ORDER #無銭NIGHT』,【イベント】UNIVERSE企画『NEW ORDER #無銭NIGHT』,2026-08-17.txt
2026-06-03,19:00,19:00,1dgjuambp8pi6iaijg4qnnap0n@google.com,4,ラブストーリーが始まらない,no,no,no,,新宿MARZ,UNIVERSE企画『NEW ORDER #無銭NIGHT』,【イベント】UNIVERSE企画『NEW ORDER #無銭NIGHT』,2026-08-17.txt
2026-06-03,19:00,19:00,1dgjuambp8pi6iaijg4qnnap0n@google.com,5,銀幕,no,no,no,,新宿MARZ,UNIVERSE企画『NEW ORDER #無銭NIGHT』,【イベント】UNIVERSE企画『NEW ORDER #無銭NIGHT』,2026-08-17.txt
2026-06-03,19:00,19:00,1dgjuambp8pi6iaijg4qnnap0n@google.com,6,ルミナス,no,no,no,,新宿MARZ,UNIVERSE企画『NEW ORDER #無銭NIGHT』,【イベント】UNIVERSE企画『NEW ORDER #無銭NIGHT』,2026-08-17.txt
2026-06-03,19:00,19:00,1dgjuambp8pi6iaijg4qnnap0n@google.com,7,朝焼けと車窓,no,no,no,,新宿MARZ,UNIVERSE企画『NEW ORDER #無銭NIGHT』,【イベント】UNIVERSE企画『NEW ORDER #無銭NIGHT』,2026-08-17.txt
2026-06-03,19:00,19:00,1dgjuambp8pi6iaijg4qnnap0n@google.com,8,スタンドバイミー,no,no,no,,新宿MARZ,UNIVERSE企画『NEW ORDER #無銭NIGHT』,【イベント】UNIVERSE企画『NEW ORDER #無銭NIGHT』,2026-08-17.txt
2026-06-06,14:40,11:00,166s6kmodrv21fir7vbdgh4m61@google.com,1,SE(Draw a Story),yes,no,no,,下北沢シャングリラ,INFINITY LIVE presents『ASTRO CIRCLE 2026』,【イベント】INFINITY LIVE presents『ASTRO CIRCLE 2026』,2026-08-17.txt
2026-06-06,14:40,11:00,166s6kmodrv21fir7vbdgh4m61@google.com,2,Blooming,no,no,no,,下北沢シャングリラ,INFINITY LIVE presents『ASTRO CIRCLE 2026』,【イベント】INFINITY LIVE presents『ASTRO CIRCLE 2026』,2026-08-17.txt
2026-06-06,14:40,11:00,166s6kmodrv21fir7vbdgh4m61@google.com,3,Moving Lights!,no,no,no,,下北沢シャングリラ,INFINITY LIVE presents『ASTRO CIRCLE 2026』,【イベント】INFINITY LIVE presents『ASTRO CIRCLE 2026』,2026-08-17.txt
2026-06-06,14:40,11:00,166s6kmodrv21fir7vbdgh4m61@google.com,4,Interlude,no,yes,no,,下北沢シャングリラ,INFINITY LIVE presents『ASTRO CIRCLE 2026』,【イベント】INFINITY LIVE presents『ASTRO CIRCLE 2026』,2026-08-17.txt
2026-06-06,14:40,11:00,166s6kmodrv21fir7vbdgh4m61@google.com,5,Begin the Journey!,no,no,no,,下北沢シャングリラ,INFINITY LIVE presents『ASTRO CIRCLE 2026』,【イベント】INFINITY LIVE presents『ASTRO CIRCLE 2026』,2026-08-17.txt
2026-06-06,14:40,11:00,166s6kmodrv21fir7vbdgh4m61@google.com,6,ラブストーリーが始まらない,no,no,no,,下北沢シャングリラ,INFINITY LIVE presents『ASTRO CIRCLE 2026』,【イベント】INFINITY LIVE presents『ASTRO CIRCLE 2026』,2026-08-17.txt
2026-06-06,14:40,11:00,166s6kmodrv21fir7vbdgh4m61@google.com,7,ルミナス,no,no,no,,下北沢シャングリラ,INFINITY LIVE presents『ASTRO CIRCLE 2026』,【イベント】INFINITY LIVE presents『ASTRO CIRCLE 2026』,2026-08-17.txt
2026-06-06,14:40,11:00,166s6kmodrv21fir7vbdgh4m61@google.com,8,朝焼けと車窓,no,no,no,,下北沢シャングリラ,INFINITY LIVE presents『ASTRO CIRCLE 2026』,【イベント】INFINITY LIVE presents『ASTRO CIRCLE 2026』,2026-08-17.txt
2026-06-06,14:40,11:00,166s6kmodrv21fir7vbdgh4m61@google.com,9,スタンドバイミー,no,no,no,,下北沢シャングリラ,INFINITY LIVE presents『ASTRO CIRCLE 2026』,【イベント】INFINITY LIVE presents『ASTRO CIRCLE 2026』,2026-08-17.txt
2026-06-07,18:20,11:30,4itp0da8nsa9im9c4rp44bf5ne@google.com,1,スタンドバイミー,no,no,no,,下北沢MOSAiC,『パピムズFES2026 ミニサーキット Supported by WEEKEND INFNITY』,【イベント】『パピムズFES2026 ミニサーキット Supported by WEEKEND INFNITY』,2026-08-17.txt
2026-06-07,18:20,11:30,4itp0da8nsa9im9c4rp44bf5ne@google.com,2,Blooming,no,no,no,,下北沢MOSAiC,『パピムズFES2026 ミニサーキット Supported by WEEKEND INFNITY』,【イベント】『パピムズFES2026 ミニサーキット Supported by WEEKEND INFNITY』,2026-08-17.txt
2026-06-07,18:20,11:30,4itp0da8nsa9im9c4rp44bf5ne@google.com,3,Begin the Journey!,no,no,no,,下北沢MOSAiC,『パピムズFES2026 ミニサーキット Supported by WEEKEND INFNITY』,【イベント】『パピムズFES2026 ミニサーキット Supported by WEEKEND INFNITY』,2026-08-17.txt
2026-06-07,18:20,11:30,4itp0da8nsa9im9c4rp44bf5ne@google.com,4,銀幕,no,no,no,,下北沢MOSAiC,『パピムズFES2026 ミニサーキット Supported by WEEKEND INFNITY』,【イベント】『パピムズFES2026 ミニサーキット Supported by WEEKEND INFNITY』,2026-08-17.txt
2026-06-07,18:20,11:30,4itp0da8nsa9im9c4rp44bf5ne@google.com,5,描きかけの空,no,no,no,,下北沢MOSAiC,『パピムズFES2026 ミニサーキット Supported by WEEKEND INFNITY』,【イベント】『パピムズFES2026 ミニサーキット Supported by WEEKEND INFNITY』,2026-08-17.txt
2026-06-07,18:20,11:30,4itp0da8nsa9im9c4rp44bf5ne@google.com,6,朝焼けと車窓,no,no,no,,下北沢MOSAiC,『パピムズFES2026 ミニサーキット Supported by WEEKEND INFNITY』,【イベント】『パピムズFES2026 ミニサーキット Supported by WEEKEND INFNITY』,2026-08-17.txt
2026-06-07,18:20,11:30,4itp0da8nsa9im9c4rp44bf5ne@google.com,7,ルミナス,no,no,no,,下北沢MOSAiC,『パピムズFES2026 ミニサーキット Supported by WEEKEND INFNITY』,【イベント】『パピムズFES2026 ミニサーキット Supported by WEEKEND INFNITY』,2026-08-17.txt
2026-06-07,18:20,11:30,4itp0da8nsa9im9c4rp44bf5ne@google.com,8,タイムカプセル,no,no,no,,下北沢MOSAiC,『パピムズFES2026 ミニサーキット Supported by WEEKEND INFNITY』,【イベント】『パピムズFES2026 ミニサーキット Supported by WEEKEND INFNITY』,2026-08-17.txt
2026-06-10,20:05,17:00,7jr17h4djpn22fstfcpdkvtsko@google.com,1,スタンドバイミー,no,no,no,,Shibuya Milkyway,#ﾆｷﾌﾟﾚ『カンシャサイ。-夏-』,【イベント】#ﾆｷﾌﾟﾚ『カンシャサイ。-夏-』,2026-08-17.txt
2026-06-10,20:05,17:00,7jr17h4djpn22fstfcpdkvtsko@google.com,2,朝焼けと車窓,no,no,no,,Shibuya Milkyway,#ﾆｷﾌﾟﾚ『カンシャサイ。-夏-』,【イベント】#ﾆｷﾌﾟﾚ『カンシャサイ。-夏-』,2026-08-17.txt
2026-06-10,20:05,17:00,7jr17h4djpn22fstfcpdkvtsko@google.com,3,Begin the Journey!,no,no,no,,Shibuya Milkyway,#ﾆｷﾌﾟﾚ『カンシャサイ。-夏-』,【イベント】#ﾆｷﾌﾟﾚ『カンシャサイ。-夏-』,2026-08-17.txt
2026-06-10,20:05,17:00,7jr17h4djpn22fstfcpdkvtsko@google.com,4,ラブストーリーが始まらない,no,no,no,,Shibuya Milkyway,#ﾆｷﾌﾟﾚ『カンシャサイ。-夏-』,【イベント】#ﾆｷﾌﾟﾚ『カンシャサイ。-夏-』,2026-08-17.txt
2026-06-10,20:05,17:00,7jr17h4djpn22fstfcpdkvtsko@google.com,5,プライマリ,no,no,no,拡張イントロ,Shibuya Milkyway,#ﾆｷﾌﾟﾚ『カンシャサイ。-夏-』,【イベント】#ﾆｷﾌﾟﾚ『カンシャサイ。-夏-』,2026-08-17.txt
2026-06-10,20:05,17:00,7jr17h4djpn22fstfcpdkvtsko@google.com,6,ルミナス,no,no,no,,Shibuya Milkyway,#ﾆｷﾌﾟﾚ『カンシャサイ。-夏-』,【イベント】#ﾆｷﾌﾟﾚ『カンシャサイ。-夏-』,2026-08-17.txt
2026-06-10,20:05,17:00,7jr17h4djpn22fstfcpdkvtsko@google.com,7,タイムカプセル,no,no,no,,Shibuya Milkyway,#ﾆｷﾌﾟﾚ『カンシャサイ。-夏-』,【イベント】#ﾆｷﾌﾟﾚ『カンシャサイ。-夏-』,2026-08-17.txt
2026-06-13,14:35,11:00,68cbd9c63topp4ahqqt17h1519@google.com,1,SE(スタンドバイミー),yes,no,no,,銀座BASE GRANBELL,「IDOLGROW vol.25」,【イベント】「IDOLGROW vol.25」,2026-08-17.txt
2026-06-13,14:35,11:00,68cbd9c63topp4ahqqt17h1519@google.com,2,"Dear,History",no,no,no,,銀座BASE GRANBELL,「IDOLGROW vol.25」,【イベント】「IDOLGROW vol.25」,2026-08-17.txt
2026-06-13,14:35,11:00,68cbd9c63topp4ahqqt17h1519@google.com,3,Moving Lights!,no,no,no,,銀座BASE GRANBELL,「IDOLGROW vol.25」,【イベント】「IDOLGROW vol.25」,2026-08-17.txt
2026-06-13,14:35,11:00,68cbd9c63topp4ahqqt17h1519@google.com,4,ラブストーリーが始まらない,no,no,no,,銀座BASE GRANBELL,「IDOLGROW vol.25」,【イベント】「IDOLGROW vol.25」,2026-08-17.txt
2026-06-13,14:35,11:00,68cbd9c63topp4ahqqt17h1519@google.com,5,Draw a line,no,no,no,,銀座BASE GRANBELL,「IDOLGROW vol.25」,【イベント】「IDOLGROW vol.25」,2026-08-17.txt
2026-06-13,14:35,11:00,68cbd9c63topp4ahqqt17h1519@google.com,6,ルミナス,no,no,no,,銀座BASE GRANBELL,「IDOLGROW vol.25」,【イベント】「IDOLGROW vol.25」,2026-08-17.txt
2026-06-13,14:35,11:00,68cbd9c63topp4ahqqt17h1519@google.com,7,朝焼けと車窓,no,no,no,,銀座BASE GRANBELL,「IDOLGROW vol.25」,【イベント】「IDOLGROW vol.25」,2026-08-17.txt
2026-06-13,14:35,11:00,68cbd9c63topp4ahqqt17h1519@google.com,8,スタンドバイミー,no,no,no,,銀座BASE GRANBELL,「IDOLGROW vol.25」,【イベント】「IDOLGROW vol.25」,2026-08-17.txt
2026-06-14,15:45,12:00,22csfqo9vun3t4lj1g7dtugvks@google.com,1,スタンドバイミー,no,no,no,,新宿LOFT,新宿周遊FES『UNIVERSE × 脱却』,【イベント】新宿周遊FES『UNIVERSE × 脱却』,2026-08-17.txt
2026-06-14,15:45,12:00,22csfqo9vun3t4lj1g7dtugvks@google.com,2,朝焼けと車窓,no,no,no,,新宿LOFT,新宿周遊FES『UNIVERSE × 脱却』,【イベント】新宿周遊FES『UNIVERSE × 脱却』,2026-08-17.txt
2026-06-14,15:45,12:00,22csfqo9vun3t4lj1g7dtugvks@google.com,3,Blooming,no,no,no,,新宿LOFT,新宿周遊FES『UNIVERSE × 脱却』,【イベント】新宿周遊FES『UNIVERSE × 脱却』,2026-08-17.txt
2026-06-14,15:45,12:00,22csfqo9vun3t4lj1g7dtugvks@google.com,4,Moving Lights!,no,no,no,,新宿LOFT,新宿周遊FES『UNIVERSE × 脱却』,【イベント】新宿周遊FES『UNIVERSE × 脱却』,2026-08-17.txt
2026-06-14,15:45,12:00,22csfqo9vun3t4lj1g7dtugvks@google.com,5,Interlude,no,yes,no,,新宿LOFT,新宿周遊FES『UNIVERSE × 脱却』,【イベント】新宿周遊FES『UNIVERSE × 脱却』,2026-08-17.txt
2026-06-14,15:45,12:00,22csfqo9vun3t4lj1g7dtugvks@google.com,6,Begin the Journey!,no,no,no,,新宿LOFT,新宿周遊FES『UNIVERSE × 脱却』,【イベント】新宿周遊FES『UNIVERSE × 脱却』,2026-08-17.txt
2026-06-14,15:45,12:00,22csfqo9vun3t4lj1g7dtugvks@google.com,7,ルミナス,no,no,no,,新宿LOFT,新宿周遊FES『UNIVERSE × 脱却』,【イベント】新宿周遊FES『UNIVERSE × 脱却』,2026-08-17.txt
2026-06-14,15:45,12:00,22csfqo9vun3t4lj1g7dtugvks@google.com,8,描きかけの空,no,no,no,,新宿LOFT,新宿周遊FES『UNIVERSE × 脱却』,【イベント】新宿周遊FES『UNIVERSE × 脱却』,2026-08-17.txt
2026-06-14,15:45,12:00,22csfqo9vun3t4lj1g7dtugvks@google.com,9,タイムカプセル,no,no,no,,新宿LOFT,新宿周遊FES『UNIVERSE × 脱却』,【イベント】新宿周遊FES『UNIVERSE × 脱却』,2026-08-17.txt
2026-06-21,18:50,11:30,375r8mf2jg0plcgb17l7cqaq45@google.com,1,"Dear,History",no,no,no,,渋谷音楽堂,こぐまカリー主催「Spice it Up」,【イベント】こぐまカリー主催「Spice it Up」,2026-08-17.txt
2026-06-21,18:50,11:30,375r8mf2jg0plcgb17l7cqaq45@google.com,2,Moving Lights!,no,no,no,,渋谷音楽堂,こぐまカリー主催「Spice it Up」,【イベント】こぐまカリー主催「Spice it Up」,2026-08-17.txt
2026-06-21,18:50,11:30,375r8mf2jg0plcgb17l7cqaq45@google.com,3,朝焼けと車窓,no,no,no,,渋谷音楽堂,こぐまカリー主催「Spice it Up」,【イベント】こぐまカリー主催「Spice it Up」,2026-08-17.txt
2026-06-21,18:50,11:30,375r8mf2jg0plcgb17l7cqaq45@google.com,4,ルミナス,no,no,no,,渋谷音楽堂,こぐまカリー主催「Spice it Up」,【イベント】こぐまカリー主催「Spice it Up」,2026-08-17.txt
2026-06-21,18:50,11:30,375r8mf2jg0plcgb17l7cqaq45@google.com,5,描きかけの空,no,no,no,,渋谷音楽堂,こぐまカリー主催「Spice it Up」,【イベント】こぐまカリー主催「Spice it Up」,2026-08-17.txt
2026-06-21,18:50,11:30,375r8mf2jg0plcgb17l7cqaq45@google.com,6,スタンドバイミー,no,no,no,,渋谷音楽堂,こぐまカリー主催「Spice it Up」,【イベント】こぐまカリー主催「Spice it Up」,2026-08-17.txt
2026-06-22,20:15,19:15,7i2fonpegqn7cml77g8ukm1tkc@google.com,1,銀幕,no,no,no,,下北沢SHELTER,SOVA presents「Next Challengers」,【イベント】SOVA presents「Next Challengers」,2026-08-17.txt
2026-06-22,20:15,19:15,7i2fonpegqn7cml77g8ukm1tkc@google.com,2,ラブストーリーが始まらない,no,no,no,,下北沢SHELTER,SOVA presents「Next Challengers」,【イベント】SOVA presents「Next Challengers」,2026-08-17.txt
2026-06-22,20:15,19:15,7i2fonpegqn7cml77g8ukm1tkc@google.com,3,Blooming,no,no,no,,下北沢SHELTER,SOVA presents「Next Challengers」,【イベント】SOVA presents「Next Challengers」,2026-08-17.txt
2026-06-22,20:15,19:15,7i2fonpegqn7cml77g8ukm1tkc@google.com,4,Begin the Journey!,no,no,no,,下北沢SHELTER,SOVA presents「Next Challengers」,【イベント】SOVA presents「Next Challengers」,2026-08-17.txt
2026-06-22,20:15,19:15,7i2fonpegqn7cml77g8ukm1tkc@google.com,5,ルミナス,no,no,no,,下北沢SHELTER,SOVA presents「Next Challengers」,【イベント】SOVA presents「Next Challengers」,2026-08-17.txt
2026-06-22,20:15,19:15,7i2fonpegqn7cml77g8ukm1tkc@google.com,6,朝焼けと車窓,no,no,no,,下北沢SHELTER,SOVA presents「Next Challengers」,【イベント】SOVA presents「Next Challengers」,2026-08-17.txt
2026-06-22,20:15,19:15,7i2fonpegqn7cml77g8ukm1tkc@google.com,7,タイムカプセル,no,no,no,,下北沢SHELTER,SOVA presents「Next Challengers」,【イベント】SOVA presents「Next Challengers」,2026-08-17.txt
2026-06-22,20:15,19:15,7i2fonpegqn7cml77g8ukm1tkc@google.com,8,Into the Blue,no,no,no,初披露,下北沢SHELTER,SOVA presents「Next Challengers」,【イベント】SOVA presents「Next Challengers」,2026-08-17.txt
2026-06-25,19:00,19:00,7si6al2k3m9vo9047ogr2iikhd@google.com,1,SE(Moving Lights!),yes,no,no,,渋谷近未来会館,#ﾆｷﾌﾟﾚ『シキサイ。』,【イベント】#ﾆｷﾌﾟﾚ『シキサイ。』,2026-08-17.txt
2026-06-25,19:00,19:00,7si6al2k3m9vo9047ogr2iikhd@google.com,2,Moving Lights!,no,no,no,,渋谷近未来会館,#ﾆｷﾌﾟﾚ『シキサイ。』,【イベント】#ﾆｷﾌﾟﾚ『シキサイ。』,2026-08-17.txt
2026-06-25,19:00,19:00,7si6al2k3m9vo9047ogr2iikhd@google.com,3,Into the Blue,no,no,no,,渋谷近未来会館,#ﾆｷﾌﾟﾚ『シキサイ。』,【イベント】#ﾆｷﾌﾟﾚ『シキサイ。』,2026-08-17.txt
2026-06-25,19:00,19:00,7si6al2k3m9vo9047ogr2iikhd@google.com,4,ラブストーリーが始まらない,no,no,no,,渋谷近未来会館,#ﾆｷﾌﾟﾚ『シキサイ。』,【イベント】#ﾆｷﾌﾟﾚ『シキサイ。』,2026-08-17.txt
2026-06-25,19:00,19:00,7si6al2k3m9vo9047ogr2iikhd@google.com,5,プライマリ,no,no,no,拡張イントロ,渋谷近未来会館,#ﾆｷﾌﾟﾚ『シキサイ。』,【イベント】#ﾆｷﾌﾟﾚ『シキサイ。』,2026-08-17.txt
2026-06-25,19:00,19:00,7si6al2k3m9vo9047ogr2iikhd@google.com,6,ルミナス,no,no,no,,渋谷近未来会館,#ﾆｷﾌﾟﾚ『シキサイ。』,【イベント】#ﾆｷﾌﾟﾚ『シキサイ。』,2026-08-17.txt
2026-06-25,19:00,19:00,7si6al2k3m9vo9047ogr2iikhd@google.com,7,朝焼けと車窓,no,no,no,,渋谷近未来会館,#ﾆｷﾌﾟﾚ『シキサイ。』,【イベント】#ﾆｷﾌﾟﾚ『シキサイ。』,2026-08-17.txt
2026-06-25,19:00,19:00,7si6al2k3m9vo9047ogr2iikhd@google.com,8,スタンドバイミー,no,no,no,,渋谷近未来会館,#ﾆｷﾌﾟﾚ『シキサイ。』,【イベント】#ﾆｷﾌﾟﾚ『シキサイ。』,2026-08-17.txt
2026-06-27,13:35,10:00,6fcn73k45ih2t9cbtfb32noiak@google.com,1,SE(Moving Lights!),yes,no,no,,TFTホール300,「アイドル甲子園 FESTIVAL 2026」supported by My-th -DAY1-,【イベント】「アイドル甲子園 FESTIVAL 2026」supported by My-th -DAY1-,2026-08-17.txt
2026-06-27,13:35,10:00,6fcn73k45ih2t9cbtfb32noiak@google.com,2,Moving Lights!,no,no,no,,TFTホール300,「アイドル甲子園 FESTIVAL 2026」supported by My-th -DAY1-,【イベント】「アイドル甲子園 FESTIVAL 2026」supported by My-th -DAY1-,2026-08-17.txt
2026-06-27,13:35,10:00,6fcn73k45ih2t9cbtfb32noiak@google.com,3,Blooming,no,no,no,,TFTホール300,「アイドル甲子園 FESTIVAL 2026」supported by My-th -DAY1-,【イベント】「アイドル甲子園 FESTIVAL 2026」supported by My-th -DAY1-,2026-08-17.txt
2026-06-27,13:35,10:00,6fcn73k45ih2t9cbtfb32noiak@google.com,4,朝焼けと車窓,no,no,no,,TFTホール300,「アイドル甲子園 FESTIVAL 2026」supported by My-th -DAY1-,【イベント】「アイドル甲子園 FESTIVAL 2026」supported by My-th -DAY1-,2026-08-17.txt
2026-06-27,13:35,10:00,6fcn73k45ih2t9cbtfb32noiak@google.com,5,Into the Blue,no,no,no,,TFTホール300,「アイドル甲子園 FESTIVAL 2026」supported by My-th -DAY1-,【イベント】「アイドル甲子園 FESTIVAL 2026」supported by My-th -DAY1-,2026-08-17.txt
2026-06-27,13:35,10:00,6fcn73k45ih2t9cbtfb32noiak@google.com,6,ルミナス,no,no,no,,TFTホール300,「アイドル甲子園 FESTIVAL 2026」supported by My-th -DAY1-,【イベント】「アイドル甲子園 FESTIVAL 2026」supported by My-th -DAY1-,2026-08-17.txt
2026-06-28,12:10,11:10,6mc2873slrl4snv3tvqqtti42q@google.com,1,SE(Draw a Story),yes,no,no,,新宿MARZ,Drawry.主催イベント「周防七泉生誕」,【イベント】Drawry.主催イベント「周防七泉生誕」,2026-08-17.txt
2026-06-28,12:10,11:10,6mc2873slrl4snv3tvqqtti42q@google.com,2,銀幕,no,no,no,,新宿MARZ,Drawry.主催イベント「周防七泉生誕」,【イベント】Drawry.主催イベント「周防七泉生誕」,2026-08-17.txt
2026-06-28,12:10,11:10,6mc2873slrl4snv3tvqqtti42q@google.com,3,Blooming,no,no,no,,新宿MARZ,Drawry.主催イベント「周防七泉生誕」,【イベント】Drawry.主催イベント「周防七泉生誕」,2026-08-17.txt
2026-06-28,12:10,11:10,6mc2873slrl4snv3tvqqtti42q@google.com,4,Begin the Journey!,no,no,no,,新宿MARZ,Drawry.主催イベント「周防七泉生誕」,【イベント】Drawry.主催イベント「周防七泉生誕」,2026-08-17.txt
2026-06-28,12:10,11:10,6mc2873slrl4snv3tvqqtti42q@google.com,5,Interlude,no,yes,no,初披露,新宿MARZ,Drawry.主催イベント「周防七泉生誕」,【イベント】Drawry.主催イベント「周防七泉生誕」,2026-08-17.txt
2026-06-28,12:10,11:10,6mc2873slrl4snv3tvqqtti42q@google.com,6,Into the Blue,no,no,no,,新宿MARZ,Drawry.主催イベント「周防七泉生誕」,【イベント】Drawry.主催イベント「周防七泉生誕」,2026-08-17.txt
2026-06-28,12:10,11:10,6mc2873slrl4snv3tvqqtti42q@google.com,7,朝焼けと車窓,no,no,no,,新宿MARZ,Drawry.主催イベント「周防七泉生誕」,【イベント】Drawry.主催イベント「周防七泉生誕」,2026-08-17.txt
2026-06-28,12:10,11:10,6mc2873slrl4snv3tvqqtti42q@google.com,8,ルミナス,no,no,no,,新宿MARZ,Drawry.主催イベント「周防七泉生誕」,【イベント】Drawry.主催イベント「周防七泉生誕」,2026-08-17.txt
2026-06-28,12:10,11:10,6mc2873slrl4snv3tvqqtti42q@google.com,9,タイムカプセル,no,no,no,,新宿MARZ,Drawry.主催イベント「周防七泉生誕」,【イベント】Drawry.主催イベント「周防七泉生誕」,2026-08-17.txt
2026-06-28,12:10,11:10,6mc2873slrl4snv3tvqqtti42q@google.com,10,Moving Lights!,no,no,yes,,新宿MARZ,Drawry.主催イベント「周防七泉生誕」,【イベント】Drawry.主催イベント「周防七泉生誕」,2026-08-17.txt
2026-07-02,19:00,16:00,77m613nvgfr9po9i4vc28thfgg@google.com,1,スタンドバイミー,no,no,no,,SHIBUYA PLEASURE PLEASURE,『PLEASURE TIME』,【イベント】『PLEASURE TIME』,2026-08-17.txt
2026-07-02,19:00,16:00,77m613nvgfr9po9i4vc28thfgg@google.com,2,朝焼けと車窓,no,no,no,,SHIBUYA PLEASURE PLEASURE,『PLEASURE TIME』,【イベント】『PLEASURE TIME』,2026-08-17.txt
2026-07-02,19:00,16:00,77m613nvgfr9po9i4vc28thfgg@google.com,3,ラブストーリーが始まらない,no,no,no,,SHIBUYA PLEASURE PLEASURE,『PLEASURE TIME』,【イベント】『PLEASURE TIME』,2026-08-17.txt
2026-07-02,19:00,16:00,77m613nvgfr9po9i4vc28thfgg@google.com,4,Begin the Journey!,no,no,no,,SHIBUYA PLEASURE PLEASURE,『PLEASURE TIME』,【イベント】『PLEASURE TIME』,2026-08-17.txt
2026-07-02,19:00,16:00,77m613nvgfr9po9i4vc28thfgg@google.com,5,Interlude,no,yes,no,,SHIBUYA PLEASURE PLEASURE,『PLEASURE TIME』,【イベント】『PLEASURE TIME』,2026-08-17.txt
2026-07-02,19:00,16:00,77m613nvgfr9po9i4vc28thfgg@google.com,6,Into the Blue,no,no,no,,SHIBUYA PLEASURE PLEASURE,『PLEASURE TIME』,【イベント】『PLEASURE TIME』,2026-08-17.txt
2026-07-02,19:00,16:00,77m613nvgfr9po9i4vc28thfgg@google.com,7,ルミナス,no,no,no,,SHIBUYA PLEASURE PLEASURE,『PLEASURE TIME』,【イベント】『PLEASURE TIME』,2026-08-17.txt
2026-07-04,12:00,11:30,5ucipdekqh4ji4clnvrgume95e@google.com,1,SE(Draw a Story),yes,no,no,,渋谷WOMB,『NANCY 10th Anniversary「NANCY TANOCY PARTY」』,【イベント】『NANCY 10th Anniversary「NANCY TANOCY PARTY」』,2026-08-17.txt
2026-07-04,12:00,11:30,5ucipdekqh4ji4clnvrgume95e@google.com,2,"Dear,History",no,no,no,,渋谷WOMB,『NANCY 10th Anniversary「NANCY TANOCY PARTY」』,【イベント】『NANCY 10th Anniversary「NANCY TANOCY PARTY」』,2026-08-17.txt
2026-07-04,12:00,11:30,5ucipdekqh4ji4clnvrgume95e@google.com,3,Moving Lights!,no,no,no,,渋谷WOMB,『NANCY 10th Anniversary「NANCY TANOCY PARTY」』,【イベント】『NANCY 10th Anniversary「NANCY TANOCY PARTY」』,2026-08-17.txt
2026-07-04,12:00,11:30,5ucipdekqh4ji4clnvrgume95e@google.com,4,Into the Blue,no,no,no,,渋谷WOMB,『NANCY 10th Anniversary「NANCY TANOCY PARTY」』,【イベント】『NANCY 10th Anniversary「NANCY TANOCY PARTY」』,2026-08-17.txt
2026-07-04,12:00,11:30,5ucipdekqh4ji4clnvrgume95e@google.com,5,朝焼けと車窓,no,no,no,,渋谷WOMB,『NANCY 10th Anniversary「NANCY TANOCY PARTY」』,【イベント】『NANCY 10th Anniversary「NANCY TANOCY PARTY」』,2026-08-17.txt
2026-07-04,12:00,11:30,5ucipdekqh4ji4clnvrgume95e@google.com,6,ルミナス,no,no,no,,渋谷WOMB,『NANCY 10th Anniversary「NANCY TANOCY PARTY」』,【イベント】『NANCY 10th Anniversary「NANCY TANOCY PARTY」』,2026-08-17.txt
2026-07-04,12:00,11:30,5ucipdekqh4ji4clnvrgume95e@google.com,7,タイムカプセル,no,no,no,,渋谷WOMB,『NANCY 10th Anniversary「NANCY TANOCY PARTY」』,【イベント】『NANCY 10th Anniversary「NANCY TANOCY PARTY」』,2026-08-17.txt
2026-07-05,15:10,10:15,1u4c86a5cq0aghjcdsbe0j13pj@google.com,1,SE(Moving Lights!),yes,no,no,,KANDA SQUARE HALL,『GLiTTRE～Girl’s LiT Trend～』,【イベント】『GLiTTRE～Girl’s LiT Trend～』,2026-08-17.txt
2026-07-05,15:10,10:15,1u4c86a5cq0aghjcdsbe0j13pj@google.com,2,Moving Lights!,no,no,no,,KANDA SQUARE HALL,『GLiTTRE～Girl’s LiT Trend～』,【イベント】『GLiTTRE～Girl’s LiT Trend～』,2026-08-17.txt
2026-07-05,15:10,10:15,1u4c86a5cq0aghjcdsbe0j13pj@google.com,3,Interlude,no,yes,no,,KANDA SQUARE HALL,『GLiTTRE～Girl’s LiT Trend～』,【イベント】『GLiTTRE～Girl’s LiT Trend～』,2026-08-17.txt
2026-07-05,15:10,10:15,1u4c86a5cq0aghjcdsbe0j13pj@google.com,4,Begin the Journey!,no,no,no,,KANDA SQUARE HALL,『GLiTTRE～Girl’s LiT Trend～』,【イベント】『GLiTTRE～Girl’s LiT Trend～』,2026-08-17.txt
2026-07-05,15:10,10:15,1u4c86a5cq0aghjcdsbe0j13pj@google.com,5,Interlude,no,yes,no,,KANDA SQUARE HALL,『GLiTTRE～Girl’s LiT Trend～』,【イベント】『GLiTTRE～Girl’s LiT Trend～』,2026-08-17.txt
2026-07-05,15:10,10:15,1u4c86a5cq0aghjcdsbe0j13pj@google.com,6,Into the Blue,no,no,no,,KANDA SQUARE HALL,『GLiTTRE～Girl’s LiT Trend～』,【イベント】『GLiTTRE～Girl’s LiT Trend～』,2026-08-17.txt
2026-07-05,15:10,10:15,1u4c86a5cq0aghjcdsbe0j13pj@google.com,7,描きかけの空,no,no,no,,KANDA SQUARE HALL,『GLiTTRE～Girl’s LiT Trend～』,【イベント】『GLiTTRE～Girl’s LiT Trend～』,2026-08-17.txt
2026-07-05,15:10,10:15,1u4c86a5cq0aghjcdsbe0j13pj@google.com,8,ルミナス,no,no,no,,KANDA SQUARE HALL,『GLiTTRE～Girl’s LiT Trend～』,【イベント】『GLiTTRE～Girl’s LiT Trend～』,2026-08-17.txt
2026-07-09,19:40,19:15,34u9mtfo3j7sugj6h70jvn69ad@google.com,1,銀幕,no,no,no,,新代田FEVER,"「""hyperproof"" vol.24」","【イベント】「""hyperproof"" vol.24」",2026-08-17.txt
2026-07-09,19:40,19:15,34u9mtfo3j7sugj6h70jvn69ad@google.com,2,ラブストーリーが始まらない,no,no,no,,新代田FEVER,"「""hyperproof"" vol.24」","【イベント】「""hyperproof"" vol.24」",2026-08-17.txt
2026-07-09,19:40,19:15,34u9mtfo3j7sugj6h70jvn69ad@google.com,3,ルミナス,no,no,no,,新代田FEVER,"「""hyperproof"" vol.24」","【イベント】「""hyperproof"" vol.24」",2026-08-17.txt
2026-07-09,19:40,19:15,34u9mtfo3j7sugj6h70jvn69ad@google.com,4,Into the Blue,no,no,no,,新代田FEVER,"「""hyperproof"" vol.24」","【イベント】「""hyperproof"" vol.24」",2026-08-17.txt
2026-07-09,19:40,19:15,34u9mtfo3j7sugj6h70jvn69ad@google.com,5,朝焼けと車窓,no,no,no,,新代田FEVER,"「""hyperproof"" vol.24」","【イベント】「""hyperproof"" vol.24」",2026-08-17.txt
2026-07-09,19:40,19:15,34u9mtfo3j7sugj6h70jvn69ad@google.com,6,スタンドバイミー,no,no,no,,新代田FEVER,"「""hyperproof"" vol.24」","【イベント】「""hyperproof"" vol.24」",2026-08-17.txt
2026-07-11,17:45,09:30,5ht7itop0o99jigu99i5l8mao1@google.com,1,"Dear,History",no,no,no,,渋谷チェルシーホテル,『SPARK 2026 渋谷納涼祭』,【イベント】『SPARK 2026 渋谷納涼祭』,2026-08-17.txt
2026-07-11,17:45,09:30,5ht7itop0o99jigu99i5l8mao1@google.com,2,朝焼けと車窓,no,no,no,,渋谷チェルシーホテル,『SPARK 2026 渋谷納涼祭』,【イベント】『SPARK 2026 渋谷納涼祭』,2026-08-17.txt
2026-07-11,17:45,09:30,5ht7itop0o99jigu99i5l8mao1@google.com,3,Interlude,no,yes,no,,渋谷チェルシーホテル,『SPARK 2026 渋谷納涼祭』,【イベント】『SPARK 2026 渋谷納涼祭』,2026-08-17.txt
2026-07-11,17:45,09:30,5ht7itop0o99jigu99i5l8mao1@google.com,4,Into the Blue,no,no,no,,渋谷チェルシーホテル,『SPARK 2026 渋谷納涼祭』,【イベント】『SPARK 2026 渋谷納涼祭』,2026-08-17.txt
2026-07-11,17:45,09:30,5ht7itop0o99jigu99i5l8mao1@google.com,5,ルミナス,no,no,no,,渋谷チェルシーホテル,『SPARK 2026 渋谷納涼祭』,【イベント】『SPARK 2026 渋谷納涼祭』,2026-08-17.txt
2026-07-11,17:45,09:30,5ht7itop0o99jigu99i5l8mao1@google.com,6,スタンドバイミー,no,no,no,,渋谷チェルシーホテル,『SPARK 2026 渋谷納涼祭』,【イベント】『SPARK 2026 渋谷納涼祭』,2026-08-17.txt
2026-07-12,12:55,09:30,1bnt4c0buhjueioos0pn03os6t@google.com,1,SE(スタンドバイミー),yes,no,no,,Studio Freedom,『SPARK 2026 渋谷納涼祭』,【イベント】『SPARK 2026 渋谷納涼祭』,2026-08-17.txt
2026-07-12,12:55,09:30,1bnt4c0buhjueioos0pn03os6t@google.com,2,Blooming,no,no,no,,Studio Freedom,『SPARK 2026 渋谷納涼祭』,【イベント】『SPARK 2026 渋谷納涼祭』,2026-08-17.txt
2026-07-12,12:55,09:30,1bnt4c0buhjueioos0pn03os6t@google.com,3,Moving Lights!,no,no,no,,Studio Freedom,『SPARK 2026 渋谷納涼祭』,【イベント】『SPARK 2026 渋谷納涼祭』,2026-08-17.txt
2026-07-12,12:55,09:30,1bnt4c0buhjueioos0pn03os6t@google.com,4,Into the Blue,no,no,no,,Studio Freedom,『SPARK 2026 渋谷納涼祭』,【イベント】『SPARK 2026 渋谷納涼祭』,2026-08-17.txt
2026-07-12,12:55,09:30,1bnt4c0buhjueioos0pn03os6t@google.com,5,ルミナス,no,no,no,,Studio Freedom,『SPARK 2026 渋谷納涼祭』,【イベント】『SPARK 2026 渋谷納涼祭』,2026-08-17.txt
2026-07-12,12:55,09:30,1bnt4c0buhjueioos0pn03os6t@google.com,6,朝焼けと車窓,no,no,no,,Studio Freedom,『SPARK 2026 渋谷納涼祭』,【イベント】『SPARK 2026 渋谷納涼祭』,2026-08-17.txt
2026-07-17,19:40,17:00,23juvc6cscpl652fem1rt584nq@google.com,1,SE(Draw a Story),yes,no,no,,アメリカ村DROP,#ﾆｷﾌﾟﾚ『オオサカッ!! -真夏、三陣。-』,【イベント】#ﾆｷﾌﾟﾚ『オオサカッ!! -真夏、三陣。-』,2026-08-17.txt
2026-07-17,19:40,17:00,23juvc6cscpl652fem1rt584nq@google.com,2,"Dear,History",no,no,no,,アメリカ村DROP,#ﾆｷﾌﾟﾚ『オオサカッ!! -真夏、三陣。-』,【イベント】#ﾆｷﾌﾟﾚ『オオサカッ!! -真夏、三陣。-』,2026-08-17.txt
2026-07-17,19:40,17:00,23juvc6cscpl652fem1rt584nq@google.com,3,ラブストーリーが始まらない,no,no,no,,アメリカ村DROP,#ﾆｷﾌﾟﾚ『オオサカッ!! -真夏、三陣。-』,【イベント】#ﾆｷﾌﾟﾚ『オオサカッ!! -真夏、三陣。-』,2026-08-17.txt
2026-07-17,19:40,17:00,23juvc6cscpl652fem1rt584nq@google.com,4,Draw a line,no,no,no,,アメリカ村DROP,#ﾆｷﾌﾟﾚ『オオサカッ!! -真夏、三陣。-』,【イベント】#ﾆｷﾌﾟﾚ『オオサカッ!! -真夏、三陣。-』,2026-08-17.txt
2026-07-17,19:40,17:00,23juvc6cscpl652fem1rt584nq@google.com,5,ルミナス,no,no,no,,アメリカ村DROP,#ﾆｷﾌﾟﾚ『オオサカッ!! -真夏、三陣。-』,【イベント】#ﾆｷﾌﾟﾚ『オオサカッ!! -真夏、三陣。-』,2026-08-17.txt
2026-07-17,19:40,17:00,23juvc6cscpl652fem1rt584nq@google.com,6,Into the Blue,no,no,no,,アメリカ村DROP,#ﾆｷﾌﾟﾚ『オオサカッ!! -真夏、三陣。-』,【イベント】#ﾆｷﾌﾟﾚ『オオサカッ!! -真夏、三陣。-』,2026-08-17.txt
2026-07-17,19:40,17:00,23juvc6cscpl652fem1rt584nq@google.com,7,朝焼けと車窓,no,no,no,,アメリカ村DROP,#ﾆｷﾌﾟﾚ『オオサカッ!! -真夏、三陣。-』,【イベント】#ﾆｷﾌﾟﾚ『オオサカッ!! -真夏、三陣。-』,2026-08-17.txt
2026-07-17,19:40,17:00,23juvc6cscpl652fem1rt584nq@google.com,8,スタンドバイミー,no,no,no,,アメリカ村DROP,#ﾆｷﾌﾟﾚ『オオサカッ!! -真夏、三陣。-』,【イベント】#ﾆｷﾌﾟﾚ『オオサカッ!! -真夏、三陣。-』,2026-08-17.txt
2026-07-18,11:55,11:30,3ha5dto0fdsuvgnlftsapq0kts@google.com,1,SE(スタンドバイミー),yes,no,no,,心斎橋SUNHALL,こぐまカリー主催「Mash UP!」,【イベント】こぐまカリー主催「Mash UP!」,2026-08-17.txt
2026-07-18,11:55,11:30,3ha5dto0fdsuvgnlftsapq0kts@google.com,2,Blooming,no,no,no,,心斎橋SUNHALL,こぐまカリー主催「Mash UP!」,【イベント】こぐまカリー主催「Mash UP!」,2026-08-17.txt
2026-07-18,11:55,11:30,3ha5dto0fdsuvgnlftsapq0kts@google.com,3,Moving Lights!,no,no,no,,心斎橋SUNHALL,こぐまカリー主催「Mash UP!」,【イベント】こぐまカリー主催「Mash UP!」,2026-08-17.txt
2026-07-18,11:55,11:30,3ha5dto0fdsuvgnlftsapq0kts@google.com,4,Interlude,no,yes,no,,心斎橋SUNHALL,こぐまカリー主催「Mash UP!」,【イベント】こぐまカリー主催「Mash UP!」,2026-08-17.txt
2026-07-18,11:55,11:30,3ha5dto0fdsuvgnlftsapq0kts@google.com,5,Into the Blue,no,no,no,,心斎橋SUNHALL,こぐまカリー主催「Mash UP!」,【イベント】こぐまカリー主催「Mash UP!」,2026-08-17.txt
2026-07-18,11:55,11:30,3ha5dto0fdsuvgnlftsapq0kts@google.com,6,描きかけの空,no,no,no,,心斎橋SUNHALL,こぐまカリー主催「Mash UP!」,【イベント】こぐまカリー主催「Mash UP!」,2026-08-17.txt
2026-07-18,11:55,11:30,3ha5dto0fdsuvgnlftsapq0kts@google.com,7,ルミナス,no,no,no,,心斎橋SUNHALL,こぐまカリー主催「Mash UP!」,【イベント】こぐまカリー主催「Mash UP!」,2026-08-17.txt
2026-07-18,11:55,11:30,3ha5dto0fdsuvgnlftsapq0kts@google.com,8,朝焼けと車窓,no,no,no,,心斎橋SUNHALL,こぐまカリー主催「Mash UP!」,【イベント】こぐまカリー主催「Mash UP!」,2026-08-17.txt
2026-07-19,16:15,11:30,7ducc7c1gipa4dkrhv02ui6qkf@google.com,1,スタンドバイミー,no,no,no,,アメリカ村BEYOND,こぐまカリー主催「Spice it Up」,【イベント】こぐまカリー主催「Spice it Up」,2026-08-17.txt
2026-07-19,16:15,11:30,7ducc7c1gipa4dkrhv02ui6qkf@google.com,2,朝焼けと車窓,no,no,no,,アメリカ村BEYOND,こぐまカリー主催「Spice it Up」,【イベント】こぐまカリー主催「Spice it Up」,2026-08-17.txt
2026-07-19,16:15,11:30,7ducc7c1gipa4dkrhv02ui6qkf@google.com,3,Begin the Journey!,no,no,no,,アメリカ村BEYOND,こぐまカリー主催「Spice it Up」,【イベント】こぐまカリー主催「Spice it Up」,2026-08-17.txt
2026-07-19,16:15,11:30,7ducc7c1gipa4dkrhv02ui6qkf@google.com,4,Interlude,no,yes,no,,アメリカ村BEYOND,こぐまカリー主催「Spice it Up」,【イベント】こぐまカリー主催「Spice it Up」,2026-08-17.txt
2026-07-19,16:15,11:30,7ducc7c1gipa4dkrhv02ui6qkf@google.com,5,Into the Blue,no,no,no,,アメリカ村BEYOND,こぐまカリー主催「Spice it Up」,【イベント】こぐまカリー主催「Spice it Up」,2026-08-17.txt
2026-07-19,16:15,11:30,7ducc7c1gipa4dkrhv02ui6qkf@google.com,6,ルミナス,no,no,no,,アメリカ村BEYOND,こぐまカリー主催「Spice it Up」,【イベント】こぐまカリー主催「Spice it Up」,2026-08-17.txt
2026-07-19,16:15,11:30,7ducc7c1gipa4dkrhv02ui6qkf@google.com,7,タイムカプセル,no,no,no,,アメリカ村BEYOND,こぐまカリー主催「Spice it Up」,【イベント】こぐまカリー主催「Spice it Up」,2026-08-17.txt
2026-07-22,12:45,10:30,1ts3s7ouob1josbtkem5qbn9at@google.com,1,スタンドバイミー,no,no,no,,Zirco Tokyo,「UTAGE FES Vol.5」,【イベント】「UTAGE FES Vol.5」,2026-08-17.txt
2026-07-22,12:45,10:30,1ts3s7ouob1josbtkem5qbn9at@google.com,2,朝焼けと車窓,no,no,no,,Zirco Tokyo,「UTAGE FES Vol.5」,【イベント】「UTAGE FES Vol.5」,2026-08-17.txt
2026-07-22,12:45,10:30,1ts3s7ouob1josbtkem5qbn9at@google.com,3,Moving Lights!,no,no,no,,Zirco Tokyo,「UTAGE FES Vol.5」,【イベント】「UTAGE FES Vol.5」,2026-08-17.txt
2026-07-22,12:45,10:30,1ts3s7ouob1josbtkem5qbn9at@google.com,4,Into the Blue,no,no,no,,Zirco Tokyo,「UTAGE FES Vol.5」,【イベント】「UTAGE FES Vol.5」,2026-08-17.txt
2026-07-22,12:45,10:30,1ts3s7ouob1josbtkem5qbn9at@google.com,5,ルミナス,no,no,no,,Zirco Tokyo,「UTAGE FES Vol.5」,【イベント】「UTAGE FES Vol.5」,2026-08-17.txt
2026-07-25,16:55,10:15,2neo1e7lbbfm1k5aq1emkjdie2@google.com,1,SE(スタンドバイミー),yes,no,no,,SHIBUYA RING,13th Anniversary「アイドル甲子園 in SHIBUYA RING」supported by My-th,【イベント】13th Anniversary「アイドル甲子園 in SHIBUYA RING」supported by My-th,2026-08-17.txt
2026-07-25,16:55,10:15,2neo1e7lbbfm1k5aq1emkjdie2@google.com,2,Blooming,no,no,no,,SHIBUYA RING,13th Anniversary「アイドル甲子園 in SHIBUYA RING」supported by My-th,【イベント】13th Anniversary「アイドル甲子園 in SHIBUYA RING」supported by My-th,2026-08-17.txt
2026-07-25,16:55,10:15,2neo1e7lbbfm1k5aq1emkjdie2@google.com,3,Moving Lights!,no,no,no,,SHIBUYA RING,13th Anniversary「アイドル甲子園 in SHIBUYA RING」supported by My-th,【イベント】13th Anniversary「アイドル甲子園 in SHIBUYA RING」supported by My-th,2026-08-17.txt
2026-07-25,16:55,10:15,2neo1e7lbbfm1k5aq1emkjdie2@google.com,4,Interlude,no,yes,no,,SHIBUYA RING,13th Anniversary「アイドル甲子園 in SHIBUYA RING」supported by My-th,【イベント】13th Anniversary「アイドル甲子園 in SHIBUYA RING」supported by My-th,2026-08-17.txt
2026-07-25,16:55,10:15,2neo1e7lbbfm1k5aq1emkjdie2@google.com,5,Into the Blue,no,no,no,,SHIBUYA RING,13th Anniversary「アイドル甲子園 in SHIBUYA RING」supported by My-th,【イベント】13th Anniversary「アイドル甲子園 in SHIBUYA RING」supported by My-th,2026-08-17.txt
2026-07-25,16:55,10:15,2neo1e7lbbfm1k5aq1emkjdie2@google.com,6,朝焼けと車窓,no,no,no,,SHIBUYA RING,13th Anniversary「アイドル甲子園 in SHIBUYA RING」supported by My-th,【イベント】13th Anniversary「アイドル甲子園 in SHIBUYA RING」supported by My-th,2026-08-17.txt
2026-07-25,16:55,10:15,2neo1e7lbbfm1k5aq1emkjdie2@google.com,7,ルミナス,no,no,no,,SHIBUYA RING,13th Anniversary「アイドル甲子園 in SHIBUYA RING」supported by My-th,【イベント】13th Anniversary「アイドル甲子園 in SHIBUYA RING」supported by My-th,2026-08-17.txt
2026-07-26,14:15,12:30,19sr8qllhc1ei76h3rf0h6ooeu@google.com,1,SE(Draw a Story),yes,no,no,,銀座BASE GRANBELL,「TOKYOPOP vol.2-Supported by こぐまカリー」,【イベント】「TOKYOPOP vol.2-Supported by こぐまカリー」,2026-08-17.txt
2026-07-26,14:15,12:30,19sr8qllhc1ei76h3rf0h6ooeu@google.com,2,銀幕,no,no,no,,銀座BASE GRANBELL,「TOKYOPOP vol.2-Supported by こぐまカリー」,【イベント】「TOKYOPOP vol.2-Supported by こぐまカリー」,2026-08-17.txt
2026-07-26,14:15,12:30,19sr8qllhc1ei76h3rf0h6ooeu@google.com,3,描きかけの空,no,no,no,,銀座BASE GRANBELL,「TOKYOPOP vol.2-Supported by こぐまカリー」,【イベント】「TOKYOPOP vol.2-Supported by こぐまカリー」,2026-08-17.txt
2026-07-26,14:15,12:30,19sr8qllhc1ei76h3rf0h6ooeu@google.com,4,ラブストーリーが始まらない,no,no,no,,銀座BASE GRANBELL,「TOKYOPOP vol.2-Supported by こぐまカリー」,【イベント】「TOKYOPOP vol.2-Supported by こぐまカリー」,2026-08-17.txt
2026-07-26,14:15,12:30,19sr8qllhc1ei76h3rf0h6ooeu@google.com,5,ルミナス,no,no,no,,銀座BASE GRANBELL,「TOKYOPOP vol.2-Supported by こぐまカリー」,【イベント】「TOKYOPOP vol.2-Supported by こぐまカリー」,2026-08-17.txt
2026-07-26,14:15,12:30,19sr8qllhc1ei76h3rf0h6ooeu@google.com,6,朝焼けと車窓,no,no,no,,銀座BASE GRANBELL,「TOKYOPOP vol.2-Supported by こぐまカリー」,【イベント】「TOKYOPOP vol.2-Supported by こぐまカリー」,2026-08-17.txt
2026-07-26,14:15,12:30,19sr8qllhc1ei76h3rf0h6ooeu@google.com,7,スタンドバイミー,no,no,no,,銀座BASE GRANBELL,「TOKYOPOP vol.2-Supported by こぐまカリー」,【イベント】「TOKYOPOP vol.2-Supported by こぐまカリー」,2026-08-17.txt
2026-07-27,19:30,19:00,4r5dniim2g6uceepq41qovoup3@google.com,1,SE(スタンドバイミー),yes,no,no,,下北沢シャングリラ,SOVA 10th Anniversary After Party「Owl Party」,【イベント】SOVA 10th Anniversary After Party「Owl Party」,2026-08-17.txt
2026-07-27,19:30,19:00,4r5dniim2g6uceepq41qovoup3@google.com,2,"Dear,History",no,no,no,,下北沢シャングリラ,SOVA 10th Anniversary After Party「Owl Party」,【イベント】SOVA 10th Anniversary After Party「Owl Party」,2026-08-17.txt
2026-07-27,19:30,19:00,4r5dniim2g6uceepq41qovoup3@google.com,3,Blooming,no,no,no,,下北沢シャングリラ,SOVA 10th Anniversary After Party「Owl Party」,【イベント】SOVA 10th Anniversary After Party「Owl Party」,2026-08-17.txt
2026-07-27,19:30,19:00,4r5dniim2g6uceepq41qovoup3@google.com,4,朝焼けと車窓,no,no,no,,下北沢シャングリラ,SOVA 10th Anniversary After Party「Owl Party」,【イベント】SOVA 10th Anniversary After Party「Owl Party」,2026-08-17.txt
2026-07-27,19:30,19:00,4r5dniim2g6uceepq41qovoup3@google.com,5,Into the Blue,no,no,no,,下北沢シャングリラ,SOVA 10th Anniversary After Party「Owl Party」,【イベント】SOVA 10th Anniversary After Party「Owl Party」,2026-08-17.txt
2026-07-27,19:30,19:00,4r5dniim2g6uceepq41qovoup3@google.com,6,ルミナス,no,no,no,,下北沢シャングリラ,SOVA 10th Anniversary After Party「Owl Party」,【イベント】SOVA 10th Anniversary After Party「Owl Party」,2026-08-17.txt
2026-07-27,19:30,19:00,4r5dniim2g6uceepq41qovoup3@google.com,7,スタンドバイミー,no,no,no,,下北沢シャングリラ,SOVA 10th Anniversary After Party「Owl Party」,【イベント】SOVA 10th Anniversary After Party「Owl Party」,2026-08-17.txt
2026-07-27,19:30,19:00,4r5dniim2g6uceepq41qovoup3@google.com,8,タイムカプセル,no,no,no,,下北沢シャングリラ,SOVA 10th Anniversary After Party「Owl Party」,【イベント】SOVA 10th Anniversary After Party「Owl Party」,2026-08-17.txt
2026-07-28,20:10,19:10,0one27n8djloc2sv601fp9du5l@google.com,1,SE(Draw a Story),yes,no,no,,Shibuya Milkyway,Drawry.主催3カ月連続フリーライブ「描きかけの夏」,【イベント】Drawry.主催3カ月連続フリーライブ「描きかけの夏」,2026-08-17.txt
2026-07-28,20:10,19:10,0one27n8djloc2sv601fp9du5l@google.com,2,Moving Lights!,no,no,no,,Shibuya Milkyway,Drawry.主催3カ月連続フリーライブ「描きかけの夏」,【イベント】Drawry.主催3カ月連続フリーライブ「描きかけの夏」,2026-08-17.txt
2026-07-28,20:10,19:10,0one27n8djloc2sv601fp9du5l@google.com,3,Blooming,no,no,no,,Shibuya Milkyway,Drawry.主催3カ月連続フリーライブ「描きかけの夏」,【イベント】Drawry.主催3カ月連続フリーライブ「描きかけの夏」,2026-08-17.txt
2026-07-28,20:10,19:10,0one27n8djloc2sv601fp9du5l@google.com,4,Fly By,no,no,no,初披露,Shibuya Milkyway,Drawry.主催3カ月連続フリーライブ「描きかけの夏」,【イベント】Drawry.主催3カ月連続フリーライブ「描きかけの夏」,2026-08-17.txt
2026-07-28,20:10,19:10,0one27n8djloc2sv601fp9du5l@google.com,5,Into the Blue,no,no,no,,Shibuya Milkyway,Drawry.主催3カ月連続フリーライブ「描きかけの夏」,【イベント】Drawry.主催3カ月連続フリーライブ「描きかけの夏」,2026-08-17.txt
2026-07-28,20:10,19:10,0one27n8djloc2sv601fp9du5l@google.com,6,ルミナス,no,no,no,,Shibuya Milkyway,Drawry.主催3カ月連続フリーライブ「描きかけの夏」,【イベント】Drawry.主催3カ月連続フリーライブ「描きかけの夏」,2026-08-17.txt
2026-07-28,20:10,19:10,0one27n8djloc2sv601fp9du5l@google.com,7,描きかけの空,no,no,no,,Shibuya Milkyway,Drawry.主催3カ月連続フリーライブ「描きかけの夏」,【イベント】Drawry.主催3カ月連続フリーライブ「描きかけの夏」,2026-08-17.txt
2026-07-28,20:10,19:10,0one27n8djloc2sv601fp9du5l@google.com,8,朝焼けと車窓,no,no,no,,Shibuya Milkyway,Drawry.主催3カ月連続フリーライブ「描きかけの夏」,【イベント】Drawry.主催3カ月連続フリーライブ「描きかけの夏」,2026-08-17.txt
2026-07-28,20:10,19:10,0one27n8djloc2sv601fp9du5l@google.com,9,スタンドバイミー,no,no,no,,Shibuya Milkyway,Drawry.主催3カ月連続フリーライブ「描きかけの夏」,【イベント】Drawry.主催3カ月連続フリーライブ「描きかけの夏」,2026-08-17.txt
2026-08-02,12:40,11:00,6e0c3vqsvdf5t6a7ageh41dn3v@google.com,1,スタンドバイミー,no,no,no,,下北沢MOSAiC,INFINITY LIVE presents『ASTROPUFF』,【イベント】INFINITY LIVE presents『ASTROPUFF』,2026-08-17.txt
2026-08-02,12:40,11:00,6e0c3vqsvdf5t6a7ageh41dn3v@google.com,2,Fly By,no,no,no,,下北沢MOSAiC,INFINITY LIVE presents『ASTROPUFF』,【イベント】INFINITY LIVE presents『ASTROPUFF』,2026-08-17.txt
2026-08-02,12:40,11:00,6e0c3vqsvdf5t6a7ageh41dn3v@google.com,3,Into the Blue,no,no,no,,下北沢MOSAiC,INFINITY LIVE presents『ASTROPUFF』,【イベント】INFINITY LIVE presents『ASTROPUFF』,2026-08-17.txt
2026-08-02,12:40,11:00,6e0c3vqsvdf5t6a7ageh41dn3v@google.com,4,朝焼けと車窓,no,no,no,,下北沢MOSAiC,INFINITY LIVE presents『ASTROPUFF』,【イベント】INFINITY LIVE presents『ASTROPUFF』,2026-08-17.txt
2026-08-02,12:40,11:00,6e0c3vqsvdf5t6a7ageh41dn3v@google.com,5,ルミナス,no,no,no,,下北沢MOSAiC,INFINITY LIVE presents『ASTROPUFF』,【イベント】INFINITY LIVE presents『ASTROPUFF』,2026-08-17.txt
2026-08-02,12:40,11:00,6e0c3vqsvdf5t6a7ageh41dn3v@google.com,6,描きかけの空,no,no,no,,下北沢MOSAiC,INFINITY LIVE presents『ASTROPUFF』,【イベント】INFINITY LIVE presents『ASTROPUFF』,2026-08-17.txt
2026-08-02,12:40,11:00,6e0c3vqsvdf5t6a7ageh41dn3v@google.com,7,タイムカプセル,no,no,no,,下北沢MOSAiC,INFINITY LIVE presents『ASTROPUFF』,【イベント】INFINITY LIVE presents『ASTROPUFF』,2026-08-17.txt
2026-08-09,11:45,11:45,1peojo7bfnge0l4gcadrldajcg@google.com,1,SE(Draw a Story),yes,no,no,,下北沢MOSAiC,新衣装お披露目イベント Drawry.主催 「New Scene」,【イベント】新衣装お披露目イベント Drawry.主催 「New Scene」,2026-08-17.txt
2026-08-09,11:45,11:45,1peojo7bfnge0l4gcadrldajcg@google.com,2,銀幕,no,no,no,,下北沢MOSAiC,新衣装お披露目イベント Drawry.主催 「New Scene」,【イベント】新衣装お披露目イベント Drawry.主催 「New Scene」,2026-08-17.txt
2026-08-09,11:45,11:45,1peojo7bfnge0l4gcadrldajcg@google.com,3,Fly By,no,no,no,,下北沢MOSAiC,新衣装お披露目イベント Drawry.主催 「New Scene」,【イベント】新衣装お披露目イベント Drawry.主催 「New Scene」,2026-08-17.txt
2026-08-09,11:45,11:45,1peojo7bfnge0l4gcadrldajcg@google.com,4,Begin the Journey!,no,no,no,,下北沢MOSAiC,新衣装お披露目イベント Drawry.主催 「New Scene」,【イベント】新衣装お披露目イベント Drawry.主催 「New Scene」,2026-08-17.txt
2026-08-09,11:45,11:45,1peojo7bfnge0l4gcadrldajcg@google.com,5,ラブストーリーが始まらない,no,no,no,,下北沢MOSAiC,新衣装お披露目イベント Drawry.主催 「New Scene」,【イベント】新衣装お披露目イベント Drawry.主催 「New Scene」,2026-08-17.txt
2026-08-09,11:45,11:45,1peojo7bfnge0l4gcadrldajcg@google.com,6,プライマリ,no,no,no,,下北沢MOSAiC,新衣装お披露目イベント Drawry.主催 「New Scene」,【イベント】新衣装お披露目イベント Drawry.主催 「New Scene」,2026-08-17.txt
2026-08-09,11:45,11:45,1peojo7bfnge0l4gcadrldajcg@google.com,7,Into the Blue,no,no,no,,下北沢MOSAiC,新衣装お披露目イベント Drawry.主催 「New Scene」,【イベント】新衣装お披露目イベント Drawry.主催 「New Scene」,2026-08-17.txt
2026-08-09,11:45,11:45,1peojo7bfnge0l4gcadrldajcg@google.com,8,ルミナス,no,no,no,,下北沢MOSAiC,新衣装お披露目イベント Drawry.主催 「New Scene」,【イベント】新衣装お披露目イベント Drawry.主催 「New Scene」,2026-08-17.txt
2026-08-09,11:45,11:45,1peojo7bfnge0l4gcadrldajcg@google.com,9,描きかけの空,no,no,no,,下北沢MOSAiC,新衣装お披露目イベント Drawry.主催 「New Scene」,【イベント】新衣装お披露目イベント Drawry.主催 「New Scene」,2026-08-17.txt
2026-08-09,11:45,11:45,1peojo7bfnge0l4gcadrldajcg@google.com,10,タイムカプセル,no,no,no,,下北沢MOSAiC,新衣装お披露目イベント Drawry.主催 「New Scene」,【イベント】新衣装お披露目イベント Drawry.主催 「New Scene」,2026-08-17.txt
2026-08-09,11:45,11:45,1peojo7bfnge0l4gcadrldajcg@google.com,11,朝焼けと車窓,no,no,yes,,下北沢MOSAiC,新衣装お披露目イベント Drawry.主催 「New Scene」,【イベント】新衣装お披露目イベント Drawry.主催 「New Scene」,2026-08-17.txt
2026-08-09,11:45,11:45,1peojo7bfnge0l4gcadrldajcg@google.com,12,スタンドバイミー,no,no,yes,,下北沢MOSAiC,新衣装お披露目イベント Drawry.主催 「New Scene」,【イベント】新衣装お披露目イベント Drawry.主催 「New Scene」,2026-08-17.txt
2026-08-10,16:35,11:30,1833fhi9j9epc6biehjmp8ompa@google.com,1,Moving Lights!,no,no,no,,渋谷GRIT,NEO JAPONISM主催フェス「NEO KASSEN2026」,【イベント】NEO JAPONISM主催フェス「NEO KASSEN2026」,2026-08-17.txt
2026-08-10,16:35,11:30,1833fhi9j9epc6biehjmp8ompa@google.com,2,Interlude,no,yes,no,,渋谷GRIT,NEO JAPONISM主催フェス「NEO KASSEN2026」,【イベント】NEO JAPONISM主催フェス「NEO KASSEN2026」,2026-08-17.txt
2026-08-10,16:35,11:30,1833fhi9j9epc6biehjmp8ompa@google.com,3,Into the Blue,no,no,no,,渋谷GRIT,NEO JAPONISM主催フェス「NEO KASSEN2026」,【イベント】NEO JAPONISM主催フェス「NEO KASSEN2026」,2026-08-17.txt
2026-08-10,16:35,11:30,1833fhi9j9epc6biehjmp8ompa@google.com,4,ルミナス,no,no,no,,渋谷GRIT,NEO JAPONISM主催フェス「NEO KASSEN2026」,【イベント】NEO JAPONISM主催フェス「NEO KASSEN2026」,2026-08-17.txt
2026-08-10,16:35,11:30,1833fhi9j9epc6biehjmp8ompa@google.com,5,朝焼けと車窓,no,no,no,,渋谷GRIT,NEO JAPONISM主催フェス「NEO KASSEN2026」,【イベント】NEO JAPONISM主催フェス「NEO KASSEN2026」,2026-08-17.txt
2026-08-10,16:35,11:30,1833fhi9j9epc6biehjmp8ompa@google.com,6,スタンドバイミー,no,no,no,,渋谷GRIT,NEO JAPONISM主催フェス「NEO KASSEN2026」,【イベント】NEO JAPONISM主催フェス「NEO KASSEN2026」,2026-08-17.txt
2026-08-13,20:20,18:40,6atmotaglpcvbu0g140cm64v2r@google.com,1,SE(Moving Lights!),yes,no,no,,恵比寿CreAto,「エンジョイナス!!」,【イベント】「エンジョイナス!!」,2026-08-17.txt
2026-08-13,20:20,18:40,6atmotaglpcvbu0g140cm64v2r@google.com,2,Moving Lights!,no,no,no,,恵比寿CreAto,「エンジョイナス!!」,【イベント】「エンジョイナス!!」,2026-08-17.txt
2026-08-13,20:20,18:40,6atmotaglpcvbu0g140cm64v2r@google.com,3,Interlude,no,yes,no,,恵比寿CreAto,「エンジョイナス!!」,【イベント】「エンジョイナス!!」,2026-08-17.txt
2026-08-13,20:20,18:40,6atmotaglpcvbu0g140cm64v2r@google.com,4,Into the Blue,no,no,no,,恵比寿CreAto,「エンジョイナス!!」,【イベント】「エンジョイナス!!」,2026-08-17.txt
2026-08-13,20:20,18:40,6atmotaglpcvbu0g140cm64v2r@google.com,5,ルミナス,no,no,no,,恵比寿CreAto,「エンジョイナス!!」,【イベント】「エンジョイナス!!」,2026-08-17.txt
2026-08-13,20:20,18:40,6atmotaglpcvbu0g140cm64v2r@google.com,6,朝焼けと車窓,no,no,no,,恵比寿CreAto,「エンジョイナス!!」,【イベント】「エンジョイナス!!」,2026-08-17.txt
2026-08-13,20:20,18:40,6atmotaglpcvbu0g140cm64v2r@google.com,7,スタンドバイミー,no,no,no,,恵比寿CreAto,「エンジョイナス!!」,【イベント】「エンジョイナス!!」,2026-08-17.txt
2026-08-13,20:20,18:40,6atmotaglpcvbu0g140cm64v2r@google.com,8,タイムカプセル,no,no,no,,恵比寿CreAto,「エンジョイナス!!」,【イベント】「エンジョイナス!!」,2026-08-17.txt
2026-08-15,18:20,10:00,0qn8kfq99c8cbfg36qp3thgkh4@google.com,1,SE(スタンドバイミー),yes,no,no,,お台場R地区,「POPGALAXY2026」,【イベント】「POPGALAXY2026」,2026-08-17.txt
2026-08-15,18:20,10:00,0qn8kfq99c8cbfg36qp3thgkh4@google.com,2,朝焼けと車窓,no,no,no,,お台場R地区,「POPGALAXY2026」,【イベント】「POPGALAXY2026」,2026-08-17.txt
2026-08-15,18:20,10:00,0qn8kfq99c8cbfg36qp3thgkh4@google.com,3,ルミナス,no,no,no,,お台場R地区,「POPGALAXY2026」,【イベント】「POPGALAXY2026」,2026-08-17.txt
2026-08-15,18:20,10:00,0qn8kfq99c8cbfg36qp3thgkh4@google.com,4,Into the Blue,no,no,no,,お台場R地区,「POPGALAXY2026」,【イベント】「POPGALAXY2026」,2026-08-17.txt
2026-08-15,18:20,10:00,0qn8kfq99c8cbfg36qp3thgkh4@google.com,5,描きかけの空,no,no,no,,お台場R地区,「POPGALAXY2026」,【イベント】「POPGALAXY2026」,2026-08-17.txt
2026-08-15,18:20,10:00,0qn8kfq99c8cbfg36qp3thgkh4@google.com,6,タイムカプセル,no,no,no,,お台場R地区,「POPGALAXY2026」,【イベント】「POPGALAXY2026」,2026-08-17.txt
2026-08-16,11:30,11:30,2uv330p4ludkbtdojctbmut864@google.com,1,SE(Moving Lights!),yes,no,no,,LIVLIV(静岡ARTIE),いつかの夜に僕たちが、&こぐまカリー共催「いつクマッ！」,【イベント】いつかの夜に僕たちが、&こぐまカリー共催「いつクマッ！」,2026-08-17.txt
2026-08-16,11:30,11:30,2uv330p4ludkbtdojctbmut864@google.com,2,Moving Lights!,no,no,no,,LIVLIV(静岡ARTIE),いつかの夜に僕たちが、&こぐまカリー共催「いつクマッ！」,【イベント】いつかの夜に僕たちが、&こぐまカリー共催「いつクマッ！」,2026-08-17.txt
2026-08-16,11:30,11:30,2uv330p4ludkbtdojctbmut864@google.com,3,Fly By,no,no,no,,LIVLIV(静岡ARTIE),いつかの夜に僕たちが、&こぐまカリー共催「いつクマッ！」,【イベント】いつかの夜に僕たちが、&こぐまカリー共催「いつクマッ！」,2026-08-17.txt
2026-08-16,11:30,11:30,2uv330p4ludkbtdojctbmut864@google.com,4,ラブストーリーが始まらない,no,no,no,,LIVLIV(静岡ARTIE),いつかの夜に僕たちが、&こぐまカリー共催「いつクマッ！」,【イベント】いつかの夜に僕たちが、&こぐまカリー共催「いつクマッ！」,2026-08-17.txt
2026-08-16,11:30,11:30,2uv330p4ludkbtdojctbmut864@google.com,5,Into the Blue,no,no,no,,LIVLIV(静岡ARTIE),いつかの夜に僕たちが、&こぐまカリー共催「いつクマッ！」,【イベント】いつかの夜に僕たちが、&こぐまカリー共催「いつクマッ！」,2026-08-17.txt
2026-08-16,11:30,11:30,2uv330p4ludkbtdojctbmut864@google.com,6,ルミナス,no,no,no,,LIVLIV(静岡ARTIE),いつかの夜に僕たちが、&こぐまカリー共催「いつクマッ！」,【イベント】いつかの夜に僕たちが、&こぐまカリー共催「いつクマッ！」,2026-08-17.txt
2026-08-16,11:30,11:30,2uv330p4ludkbtdojctbmut864@google.com,7,朝焼けと車窓,no,no,no,,LIVLIV(静岡ARTIE),いつかの夜に僕たちが、&こぐまカリー共催「いつクマッ！」,【イベント】いつかの夜に僕たちが、&こぐまカリー共催「いつクマッ！」,2026-08-17.txt
2026-08-16,11:30,11:30,2uv330p4ludkbtdojctbmut864@google.com,8,スタンドバイミー,no,no,no,,LIVLIV(静岡ARTIE),いつかの夜に僕たちが、&こぐまカリー共催「いつクマッ！」,【イベント】いつかの夜に僕たちが、&こぐまカリー共催「いつクマッ！」,2026-08-17.txt
2026-08-17,19:50,19:20,338og22pih1a3rph8mo0eaoh1o@google.com,1,SE(Draw a Story),yes,no,no,,渋谷近未来会館,#ﾆｷﾌﾟﾚ『シキサイ。』,【イベント】#ﾆｷﾌﾟﾚ『シキサイ。』,2026-08-17.txt
2026-08-17,19:50,19:20,338og22pih1a3rph8mo0eaoh1o@google.com,2,Blooming,no,no,no,,渋谷近未来会館,#ﾆｷﾌﾟﾚ『シキサイ。』,【イベント】#ﾆｷﾌﾟﾚ『シキサイ。』,2026-08-17.txt
2026-08-17,19:50,19:20,338og22pih1a3rph8mo0eaoh1o@google.com,3,ラブストーリーが始まらない,no,no,no,,渋谷近未来会館,#ﾆｷﾌﾟﾚ『シキサイ。』,【イベント】#ﾆｷﾌﾟﾚ『シキサイ。』,2026-08-17.txt
2026-08-17,19:50,19:20,338og22pih1a3rph8mo0eaoh1o@google.com,4,Draw a line,no,no,no,,渋谷近未来会館,#ﾆｷﾌﾟﾚ『シキサイ。』,【イベント】#ﾆｷﾌﾟﾚ『シキサイ。』,2026-08-17.txt
2026-08-17,19:50,19:20,338og22pih1a3rph8mo0eaoh1o@google.com,5,銀幕,no,no,no,,渋谷近未来会館,#ﾆｷﾌﾟﾚ『シキサイ。』,【イベント】#ﾆｷﾌﾟﾚ『シキサイ。』,2026-08-17.txt
2026-08-17,19:50,19:20,338og22pih1a3rph8mo0eaoh1o@google.com,6,Fly By,no,no,no,,渋谷近未来会館,#ﾆｷﾌﾟﾚ『シキサイ。』,【イベント】#ﾆｷﾌﾟﾚ『シキサイ。』,2026-08-17.txt
2026-08-17,19:50,19:20,338og22pih1a3rph8mo0eaoh1o@google.com,7,Into the Blue,no,no,no,,渋谷近未来会館,#ﾆｷﾌﾟﾚ『シキサイ。』,【イベント】#ﾆｷﾌﾟﾚ『シキサイ。』,2026-08-17.txt
2026-08-17,19:50,19:20,338og22pih1a3rph8mo0eaoh1o@google.com,8,ルミナス,no,no,no,,渋谷近未来会館,#ﾆｷﾌﾟﾚ『シキサイ。』,【イベント】#ﾆｷﾌﾟﾚ『シキサイ。』,2026-08-17.txt
2026-08-22,13:30,11:15,5ovauojco93umh54hht346f2gh@google.com,1,SE(Moving Lights!),yes,no,no,,時事通信ホール,『GIRLS PARADE』,【イベント】『GIRLS PARADE』,2026-08-22.txt
2026-08-22,13:30,11:15,5ovauojco93umh54hht346f2gh@google.com,2,Begin the Journey!,no,no,no,,時事通信ホール,『GIRLS PARADE』,【イベント】『GIRLS PARADE』,2026-08-22.txt
2026-08-22,13:30,11:15,5ovauojco93umh54hht346f2gh@google.com,3,Interlude,no,yes,no,,時事通信ホール,『GIRLS PARADE』,【イベント】『GIRLS PARADE』,2026-08-22.txt
2026-08-22,13:30,11:15,5ovauojco93umh54hht346f2gh@google.com,4,Into the Blue,no,no,no,,時事通信ホール,『GIRLS PARADE』,【イベント】『GIRLS PARADE』,2026-08-22.txt
2026-08-22,13:30,11:15,5ovauojco93umh54hht346f2gh@google.com,5,Fly By,no,no,no,,時事通信ホール,『GIRLS PARADE』,【イベント】『GIRLS PARADE』,2026-08-22.txt
2026-08-22,13:30,11:15,5ovauojco93umh54hht346f2gh@google.com,6,描きかけの空,no,no,no,,時事通信ホール,『GIRLS PARADE』,【イベント】『GIRLS PARADE』,2026-08-22.txt
2026-08-22,13:30,11:15,5ovauojco93umh54hht346f2gh@google.com,7,ルミナス,no,no,no,,時事通信ホール,『GIRLS PARADE』,【イベント】『GIRLS PARADE』,2026-08-22.txt
2026-08-24,20:20,18:50,4uhatot6gs788vlbvhlqa781ep@google.com,1,スタンドバイミー,no,no,no,,渋谷近未来会館,#ﾆｷﾌﾟﾚ『シブヤチャンプルー』,【イベント】#ﾆｷﾌﾟﾚ『シブヤチャンプルー』,2026-08-24.txt
2026-08-24,20:20,18:50,4uhatot6gs788vlbvhlqa781ep@google.com,2,朝焼けと車窓,no,no,no,,渋谷近未来会館,#ﾆｷﾌﾟﾚ『シブヤチャンプルー』,【イベント】#ﾆｷﾌﾟﾚ『シブヤチャンプルー』,2026-08-24.txt
2026-08-24,20:20,18:50,4uhatot6gs788vlbvhlqa781ep@google.com,3,Into the Blue,no,no,no,,渋谷近未来会館,#ﾆｷﾌﾟﾚ『シブヤチャンプルー』,【イベント】#ﾆｷﾌﾟﾚ『シブヤチャンプルー』,2026-08-24.txt
2026-08-24,20:20,18:50,4uhatot6gs788vlbvhlqa781ep@google.com,4,描きかけの空,no,no,no,,渋谷近未来会館,#ﾆｷﾌﾟﾚ『シブヤチャンプルー』,【イベント】#ﾆｷﾌﾟﾚ『シブヤチャンプルー』,2026-08-24.txt
2026-08-24,20:20,18:50,4uhatot6gs788vlbvhlqa781ep@google.com,5,プライマリ,no,no,no,拡張イントロ,渋谷近未来会館,#ﾆｷﾌﾟﾚ『シブヤチャンプルー』,【イベント】#ﾆｷﾌﾟﾚ『シブヤチャンプルー』,2026-08-24.txt
2026-08-24,20:20,18:50,4uhatot6gs788vlbvhlqa781ep@google.com,6,ルミナス,no,no,no,,渋谷近未来会館,#ﾆｷﾌﾟﾚ『シブヤチャンプルー』,【イベント】#ﾆｷﾌﾟﾚ『シブヤチャンプルー』,2026-08-24.txt
2026-08-24,20:20,18:50,4uhatot6gs788vlbvhlqa781ep@google.com,7,タイムカプセル,no,no,no,,渋谷近未来会館,#ﾆｷﾌﾟﾚ『シブヤチャンプルー』,【イベント】#ﾆｷﾌﾟﾚ『シブヤチャンプルー』,2026-08-24.txt
2026-08-27,20:10,19:10,5qk9sj4eku0sk7pa7t9u0u84at@google.com,1,SE(スタンドバイミー),yes,no,no,,Shibuya Milkyway,Drawry.主催3カ月連続フリーライブ「描きかけの夏」vol.2,【イベント】Drawry.主催3カ月連続フリーライブ「描きかけの夏」vol.2,20260827.txt
2026-08-27,20:10,19:10,5qk9sj4eku0sk7pa7t9u0u84at@google.com,2,Blooming,no,no,no,,Shibuya Milkyway,Drawry.主催3カ月連続フリーライブ「描きかけの夏」vol.2,【イベント】Drawry.主催3カ月連続フリーライブ「描きかけの夏」vol.2,20260827.txt
2026-08-27,20:10,19:10,5qk9sj4eku0sk7pa7t9u0u84at@google.com,3,Begin the Journey!,no,no,no,,Shibuya Milkyway,Drawry.主催3カ月連続フリーライブ「描きかけの夏」vol.2,【イベント】Drawry.主催3カ月連続フリーライブ「描きかけの夏」vol.2,20260827.txt
2026-08-27,20:10,19:10,5qk9sj4eku0sk7pa7t9u0u84at@google.com,4,描きかけの空,no,no,no,,Shibuya Milkyway,Drawry.主催3カ月連続フリーライブ「描きかけの夏」vol.2,【イベント】Drawry.主催3カ月連続フリーライブ「描きかけの夏」vol.2,20260827.txt
2026-08-27,20:10,19:10,5qk9sj4eku0sk7pa7t9u0u84at@google.com,5,Fly By,no,no,no,,Shibuya Milkyway,Drawry.主催3カ月連続フリーライブ「描きかけの夏」vol.2,【イベント】Drawry.主催3カ月連続フリーライブ「描きかけの夏」vol.2,20260827.txt
2026-08-27,20:10,19:10,5qk9sj4eku0sk7pa7t9u0u84at@google.com,6,Into the Blue,no,no,no,,Shibuya Milkyway,Drawry.主催3カ月連続フリーライブ「描きかけの夏」vol.2,【イベント】Drawry.主催3カ月連続フリーライブ「描きかけの夏」vol.2,20260827.txt
2026-08-27,20:10,19:10,5qk9sj4eku0sk7pa7t9u0u84at@google.com,7,朝焼けと車窓,no,no,no,,Shibuya Milkyway,Drawry.主催3カ月連続フリーライブ「描きかけの夏」vol.2,【イベント】Drawry.主催3カ月連続フリーライブ「描きかけの夏」vol.2,20260827.txt
2026-08-27,20:10,19:10,5qk9sj4eku0sk7pa7t9u0u84at@google.com,8,ルミナス,no,no,no,,Shibuya Milkyway,Drawry.主催3カ月連続フリーライブ「描きかけの夏」vol.2,【イベント】Drawry.主催3カ月連続フリーライブ「描きかけの夏」vol.2,20260827.txt
2026-08-27,20:10,19:10,5qk9sj4eku0sk7pa7t9u0u84at@google.com,9,Sunlight,no,no,no,初披露,Shibuya Milkyway,Drawry.主催3カ月連続フリーライブ「描きかけの夏」vol.2,【イベント】Drawry.主催3カ月連続フリーライブ「描きかけの夏」vol.2,20260827.txt
2026-08-27,20:10,19:10,5qk9sj4eku0sk7pa7t9u0u84at@google.com,10,タイムカプセル,no,no,no,,Shibuya Milkyway,Drawry.主催3カ月連続フリーライブ「描きかけの夏」vol.2,【イベント】Drawry.主催3カ月連続フリーライブ「描きかけの夏」vol.2,20260827.txt
2026-08-28,20:00,19:00,6mtm6i0ragsjd630bo3nirii9v@google.com,1,スタンドバイミー,no,no,no,,渋谷近未来会館,INFINITY LIVE presents『ASTROPUFF - EMERGENCY -』,【イベント】INFINITY LIVE presents『ASTROPUFF - EMERGENCY -』,2026-08-28.txt
2026-08-28,20:00,19:00,6mtm6i0ragsjd630bo3nirii9v@google.com,2,Blooming,no,no,no,,渋谷近未来会館,INFINITY LIVE presents『ASTROPUFF - EMERGENCY -』,【イベント】INFINITY LIVE presents『ASTROPUFF - EMERGENCY -』,2026-08-28.txt
2026-08-28,20:00,19:00,6mtm6i0ragsjd630bo3nirii9v@google.com,3,Into the Blue,no,no,no,,渋谷近未来会館,INFINITY LIVE presents『ASTROPUFF - EMERGENCY -』,【イベント】INFINITY LIVE presents『ASTROPUFF - EMERGENCY -』,2026-08-28.txt
2026-08-28,20:00,19:00,6mtm6i0ragsjd630bo3nirii9v@google.com,4,銀幕,no,no,no,,渋谷近未来会館,INFINITY LIVE presents『ASTROPUFF - EMERGENCY -』,【イベント】INFINITY LIVE presents『ASTROPUFF - EMERGENCY -』,2026-08-28.txt
2026-08-28,20:00,19:00,6mtm6i0ragsjd630bo3nirii9v@google.com,5,Fly By,no,no,no,,渋谷近未来会館,INFINITY LIVE presents『ASTROPUFF - EMERGENCY -』,【イベント】INFINITY LIVE presents『ASTROPUFF - EMERGENCY -』,2026-08-28.txt
2026-08-28,20:00,19:00,6mtm6i0ragsjd630bo3nirii9v@google.com,6,Sunlight,no,no,no,,渋谷近未来会館,INFINITY LIVE presents『ASTROPUFF - EMERGENCY -』,【イベント】INFINITY LIVE presents『ASTROPUFF - EMERGENCY -』,2026-08-28.txt
2026-08-28,20:00,19:00,6mtm6i0ragsjd630bo3nirii9v@google.com,7,朝焼けと車窓,no,no,no,,渋谷近未来会館,INFINITY LIVE presents『ASTROPUFF - EMERGENCY -』,【イベント】INFINITY LIVE presents『ASTROPUFF - EMERGENCY -』,2026-08-28.txt
2026-08-28,20:00,19:00,6mtm6i0ragsjd630bo3nirii9v@google.com,8,ルミナス,no,no,no,,渋谷近未来会館,INFINITY LIVE presents『ASTROPUFF - EMERGENCY -』,【イベント】INFINITY LIVE presents『ASTROPUFF - EMERGENCY -』,2026-08-28.txt
